"id","date","title","word_count","summary","controlled_tags","source_tags","has_images","wordpress_url","file_path"
"2012-04-13-less-of-lee","2012-04-13","Less of Lee","292","Ok...I'm publicly committing. Today I start my journey of becoming less. More important than losing weight, is becoming healthy.","a1c-labs; family-responsibility; feasting; original-less-of-lee-journey; type-2-diabetes","","true","https://lessoflee.wordpress.com/2012/04/13/hello-world/","../src/content/blog/2012-04-13-less-of-lee.md"
"2012-04-14-i-can-wait-20","2012-04-14","I Can Wait 20","189","20 minutes. That's what I have to tell myself after I've eaten a proper portion of food. Proper amount, as opposed to the ""eat until I'm full"" amount. For some cruel reason, our bodies take 20 minutes to...","original-less-of-lee-journey","","true","https://lessoflee.wordpress.com/2012/04/14/i-can-wait-20/","../src/content/blog/2012-04-14-i-can-wait-20.md"
"2012-04-19-miles-of-milestones","2012-04-19","Miles of Milestones","327","It's a long journey from my starting point to my desired finish line: to lose 130lbs before I'm 50 (2.5 years from now). To keep me motivated and to celebrate along the way, I've been coming up with...","nsv; original-less-of-lee-journey","","true","https://lessoflee.wordpress.com/2012/04/19/miles-of-milestones/","../src/content/blog/2012-04-19-miles-of-milestones.md"
"2012-04-20-do-something-good","2012-04-20","Do Something Good","414","It’s so easy to become overwhelmed with all the lifestyle changes I need to make. I need to eat less, of course. I also need to eat better. I need to exercise…both aerobically and strength training. I need...","exercise; family-responsibility; original-less-of-lee-journey","","true","https://lessoflee.wordpress.com/2012/04/20/do-something-good/","../src/content/blog/2012-04-20-do-something-good.md"
"2012-04-22-week-1-8211-there-are-5lbs-less-of-lee","2012-04-23","Week 1 – There are 5lbs Less of Lee","249","There are 5lbs Less of Lee. That's a pretty good first week. The most important factor was simply deciding that I was going to be serious about losing weight. Second was choosing Weight Watcher's Online to be my...","original-less-of-lee-journey","","true","https://lessoflee.wordpress.com/2012/04/22/week-1-there-is-5lbs-less-of-lee/","../src/content/blog/2012-04-22-week-1-8211-there-are-5lbs-less-of-lee.md"
"2012-04-23-why-am-i-so-fat","2012-04-24","Why Am I So Fat?","409","“If you know so much, why are you fat?” Sure, it was an ad hominem attack on me by someone who couldn’t deal with my logic in a discussion on a WW forum, but it’s still a good...","health-identity; mindset; original-less-of-lee-journey","","true","https://lessoflee.wordpress.com/2012/04/23/why-am-i-so-fat/","../src/content/blog/2012-04-23-why-am-i-so-fat.md"
"2012-04-27-weight-watchers8230really","2012-04-28","Weight Watchers…Really?","588","I thought I’d give some of my thoughts on Weight Watchers. A couple caveats. I am not trying to convince anyone else that WW is for them, or is the best or anything of the kind.","exercise; feasting; food-addiction; mindset; original-less-of-lee-journey","","true","https://lessoflee.wordpress.com/2012/04/27/weight-watchers-really/","../src/content/blog/2012-04-27-weight-watchers8230really.md"
"2012-04-28-cooking-helps","2012-04-29","Cooking Helps","272","I began cooking in earnest only a couple years ago. Wifey was trying to reenter the work force, and it's only fair that I pitch in and help more around the house. I chose cooking. Like anything, I...","original-less-of-lee-journey","","true","https://lessoflee.wordpress.com/2012/04/28/cooking-helps/","../src/content/blog/2012-04-28-cooking-helps.md"
"2012-04-29-18243-less-of-lee","2012-04-29","1″ Less of Lee","122","Sunday is weigh in day. Earlier in the week I had peeked, given in and weighed myself. I had broken the 300lb barrier at 299.6. But alas, at weigh in day, I'm at 300.8 – still, I'm headed...","original-less-of-lee-journey","","true","https://lessoflee.wordpress.com/2012/04/29/1-less-of-lee/","../src/content/blog/2012-04-29-18243-less-of-lee.md"
"2012-05-06-eat-like-a-fat-man-and-lose-weight","2012-05-06","Eat Like a Fat Man and Lose Weight","211","How on earth can one eat like a fat man and lose weight? You start by being an even fatter man. You've seen the commercials, famous fat men saying how you can eat all your favorite foods (pizza,...","original-less-of-lee-journey","health; healthy-living; weight-loss","true","https://lessoflee.wordpress.com/2012/05/06/eat-like-a-fat-man-and-lose-weight/","../src/content/blog/2012-05-06-eat-like-a-fat-man-and-lose-weight.md"
"2012-05-14-week-4-8211-double-the-fun","2012-05-15","Week 4 – Double the Fun","472","I had a good week. Down 2.4lbs for a total of 14.2. I'm back to traveling for work so it's become more difficult to eat well. However, I can't use that as an excuse.","feasting; mindset; original-less-of-lee-journey","","false","https://lessoflee.wordpress.com/2012/05/14/week-4-double-the-fun/","../src/content/blog/2012-05-14-week-4-8211-double-the-fun.md"
"2012-05-18-two-are-better-than-one","2012-05-18","Two Are Better Than One","269","Going through a health journey with a partner is so much easier. I'm lucky, I have my wife and a close friend/coworker and we are encouraging each other. Here's one such moment I've shared with my friend.","exercise; original-less-of-lee-journey","","false","https://lessoflee.wordpress.com/2012/05/18/two-are-better-than-one/","../src/content/blog/2012-05-18-two-are-better-than-one.md"
"2012-05-21-the-scale-she-is-a-liar","2012-05-22","The Scale, She Is a Liar","427","The scale is an unavoidable part of weight loss. She is a hard task master. She is the source of joy on a good weigh in, and a wellspring of depression when she reports no weight loss, or...","humor-voice; mindset; original-less-of-lee-journey","","false","https://lessoflee.wordpress.com/2012/05/21/the-scale-she-is-a-liar/","../src/content/blog/2012-05-21-the-scale-she-is-a-liar.md"
"2012-05-23-holy-trinity-commitment-goal-plan","2012-05-23","Holy Trinity: Commitment, Goal, Plan","415","We started out on this journey to better health together, and I'm so happy to have a partner and someone to share the journey with. As you know, though, it's become a bit one sided.","family-responsibility; original-less-of-lee-journey","","true","https://lessoflee.wordpress.com/2012/05/23/holy-trinity-commitment-goal-plan/","../src/content/blog/2012-05-23-holy-trinity-commitment-goal-plan.md"
"2012-06-10-two-month-and-25lbs-less-of-lee","2012-06-11","Two Month and 25lbs Less of Lee","319","Well, I've fini shed month two. The headlines are 25lbs dropped, 4″ off waist and belly, 2″ off my neck. I have to admit, I'm feeling pretty good about myself. Two months looking backward seems like a lot...","exercise; family-responsibility; original-less-of-lee-journey","","true","https://lessoflee.wordpress.com/2012/06/10/two-month-and-25lbs-less-of-lee/","../src/content/blog/2012-06-10-two-month-and-25lbs-less-of-lee.md"
"2012-06-19-the-challenge-of-eating-healthy-on-the-road","2012-06-20","The Challenge of Eating Healthy On the Road","376","I travel for a living. I am on week 8 of a 9 week unbroken stretch of being on the road Mon-Fri. No doubt, it's a real challenge to eat well when you are eating at restaurants 3...","food-addiction; original-less-of-lee-journey","","true","https://lessoflee.wordpress.com/2012/06/19/the-challenge-of-eating-healthy-on-the-road/","../src/content/blog/2012-06-19-the-challenge-of-eating-healthy-on-the-road.md"
"2012-07-02-10-less-of-lee","2012-07-02","10% Less of Lee","194","I'm down 31lbs...10% less than my starting 309. I now have less than 100lbs to go to no longer be over weight. I've lost 5″ around my waist and belly.","family-responsibility; health-identity; original-less-of-lee-journey","","true","https://lessoflee.wordpress.com/2012/07/02/10-less-of-lee/","../src/content/blog/2012-07-02-10-less-of-lee.md"
"2012-07-06-don8217t-listen-to-me","2012-07-07","Don’t Listen To Me","635","I think it's funny that I've titled this ""Don't Listen To Me"" and some of y'all (actually, all of y'all) clicked on the link to wonder just what you shouldn't be listening too. Good for you, you've shown...","a1c-labs; original-less-of-lee-journey","","false","https://lessoflee.wordpress.com/2012/07/06/dont-listen-to-me/","../src/content/blog/2012-07-06-don8217t-listen-to-me.md"
"2012-07-09-3-month-review","2012-07-09","3 Month Review","687","It's been three mont hs since I started the Less of Lee journey to health. I started at 309lbs and am now 275, a loss of 34lbs and 5 inches from my waist. I'm writing this from the...","exercise; nsv; original-less-of-lee-journey","","true","https://lessoflee.wordpress.com/2012/07/09/3-month-review/","../src/content/blog/2012-07-09-3-month-review.md"
"2012-07-30-taste-of-new-york-city","2012-07-31","Taste of New York City","465","I traveled for work to New York City…it was my first time in the Big Apple. So what’s a man who likes food to do when he goes to a city known for it’s food? Do I put...","capability-recovery; exercise; feasting; food-addiction; original-less-of-lee-journey","","true","https://lessoflee.wordpress.com/2012/07/30/taste-of-new-york-city/","../src/content/blog/2012-07-30-taste-of-new-york-city.md"
"2012-08-15-the-battle-starts-in-the-mind","2012-08-15","The Battle Starts in the Mind","368","Just finished up my first four months on this journey. Starting at 309 on April 9, I’m down to 261 for 48lbs Less of Lee. Equally exciting there are 7” less around Lee’s belly and waist.","family-responsibility; health-identity; mindset; nsv; original-less-of-lee-journey","","true","https://lessoflee.wordpress.com/2012/08/15/the-battle-starts-in-the-mind/","../src/content/blog/2012-08-15-the-battle-starts-in-the-mind.md"
"2012-08-22-one-pound-gain-8211-weight-loss-math","2012-08-22","One Pound Gain – Weight Loss Math","586","It was bound to happen, and it did this week...I gained weight instead of losing. One pound. I’m so close to the 50lb mark that I can taste it. I’m really hoping to achieve it before our company’s...","exercise; feasting; original-less-of-lee-journey","","true","https://lessoflee.wordpress.com/2012/08/22/one-pound-gain-weight-loss-math/","../src/content/blog/2012-08-22-one-pound-gain-8211-weight-loss-math.md"
"2012-09-01-50lbs-less-of-lee","2012-09-01","50lbs Less of Lee","423","I hit a pretty big milestone this week. There are now 50lbs Less of Lee. 52, actually. As I write this I’m wearing a T-Shirt sized XL. When I started I was wearing XXL-Tall. My waist has gone...","capability-recovery; food-addiction; health-identity; original-less-of-lee-journey","","true","https://lessoflee.wordpress.com/2012/09/01/50lbs-less-of-lee/","../src/content/blog/2012-09-01-50lbs-less-of-lee.md"
"2012-09-09-i8217m-halfway-there","2012-09-10","I’m Halfway There!","459","My goal is to no longer be overweight. According to the BMI tool on MyFitnessPal, I cross that line at 194.7 which is 57.1 lbs away. As of this Sunday I weigh 251.8 so there are 57.2lbs Less...","capability-recovery; health-identity; original-less-of-lee-journey","","true","https://lessoflee.wordpress.com/2012/09/09/im-half-way-there/","../src/content/blog/2012-09-09-i8217m-halfway-there.md"
"2012-09-24-100lbs-less-of-lee-and-wife","2012-09-24","100lbs Less of Lee and Wife","390","My wife and I hit a nice milestone this week, together we have lost 100lbs, 60 for me and 40 for her. I'm so proud of the progress she has made, and she is looking fantastic. Her partnership...","a1c-labs; exercise; family-responsibility; fasting; feasting; food-addiction; humor-voice; original-less-of-lee-journey","","true","https://lessoflee.wordpress.com/2012/09/24/100lbs-less-of-lee-and-wife/","../src/content/blog/2012-09-24-100lbs-less-of-lee-and-wife.md"
"2012-10-02-the-same-amount-of-lee","2012-10-02","The Same Amount of Lee","373","This post was almost written last week. I've been flying to Charlotte, NC on Monday and returning on Friday. So my first opportunity to weigh myself has been on Saturday mornings. Last week and this week I did...","original-less-of-lee-journey","","true","https://lessoflee.wordpress.com/2012/10/02/the-same-amount-of-lee/","../src/content/blog/2012-10-02-the-same-amount-of-lee.md"
"2012-10-07-20-less-of-lee","2012-10-07","20% Less of Lee","389","There is now 20% less of Lee. I started this journey to health and fitness last April 13th (Lucky Friday the 13th), at 309lbs with a 55” belly. I am now 245.4 and have lost 7.5” around both...","capability-recovery; exercise; feasting; original-less-of-lee-journey","","true","https://lessoflee.wordpress.com/2012/10/07/20-less-of-lee/","../src/content/blog/2012-10-07-20-less-of-lee.md"
"2012-10-17-less-of-lee-at-6-months","2012-10-17","Less of Lee at 6 Months","720","I started my journey to health and fitness 6 months ago. A bad night in the hospital had made it clear to me that there’s more at stake than an early death. Being sickly and in a hospital,...","capability-recovery; exercise; health-identity; nsv; original-less-of-lee-journey","","true","https://lessoflee.wordpress.com/2012/10/17/less-of-lee-at-6-months/","../src/content/blog/2012-10-17-less-of-lee-at-6-months.md"
"2012-10-22-living-on-the-corner-of-disappointment-and-grattit","2012-10-22","Living on the Corner of Disappointment and Grattitude","520","I lost 2lbs this past week. That’s right on target, but my weight loss has clearly slowed down. Since I’m 60lbs away from goal, it’s very disappointing to be experiencing such a slow down already. I really can’t...","capability-recovery; exercise; family-responsibility; health-identity; original-less-of-lee-journey","","true","https://lessoflee.wordpress.com/2012/10/22/living-on-the-corner-of-disappointment-and-grattitude/","../src/content/blog/2012-10-22-living-on-the-corner-of-disappointment-and-grattit.md"
"2012-10-30-run-lee-run","2012-10-30","Run Lee Run","366","Dropped 2.6lbs this week for 68lbs Less of Lee. It felt terrific coming after last week’s 2lb loss. I just might be back to the rate I had been losing back. Or not. As you know from my...","capability-recovery; exercise; humor-voice; original-less-of-lee-journey","","true","https://lessoflee.wordpress.com/2012/10/30/run-lee-run/","../src/content/blog/2012-10-30-run-lee-run.md"
"2012-11-04-70lbs-down-with-visions-of-muscles-dancing-in-my-h","2012-11-04","70lbs Down with Visions of Muscles Dancing in My Head","331","I seem to be back on track. Down 2.2lbs for the week, and I hit the 70lbs loss mark and broke out of the 240’s. Time for some more visualization of the Lee to come. Not merely Less...","capability-recovery; exercise; family-responsibility; original-less-of-lee-journey","dumbbells; fitness; health; MyFitnessPal; pushup; weight-loss","true","https://lessoflee.wordpress.com/2012/11/04/70lbs-down-with-visions-of-muscles-dancing-in-my-head/","../src/content/blog/2012-11-04-70lbs-down-with-visions-of-muscles-dancing-in-my-h.md"
"2012-11-13-make-the-weight-gain-worth-it","2012-11-13","Make the Weight Gain Worth It","500","This past week was my first trip to Europe. I taught mobile application development to our European consultants in Split, Croatia. BTW, what a terrific place for a vacation. Absolutely beautiful, on the sea across from Italy. Ancient...","exercise; feasting; food-addiction; original-less-of-lee-journey","calories; drinking alcohol; eggs and bacon; food; health; low-carb; mobile application development; vinnie-tortorich; weight-loss","true","https://lessoflee.wordpress.com/2012/11/13/make-the-weight-gain-worth-it/","../src/content/blog/2012-11-13-make-the-weight-gain-worth-it.md"
"2012-11-21-battle-of-the-mind","2012-11-21","Battle of the Mind","109","My online friend Jess at www.toobig.net put up a cry for help post today. He’s had a bad time, been binging and is looking for help from those who have had to battle to lose weight.","mindset; original-less-of-lee-journey","affirmation; attitude; hobby; positive; weight-loss","false","https://lessoflee.wordpress.com/2012/11/21/177/","../src/content/blog/2012-11-21-battle-of-the-mind.md"
"2012-11-21-welcome-vinnie-tortorich-fans","2012-11-21","Welcome Vinnie Tortorich Fans","382","Today I appeared as a guest on the Vinnie Tortorich podcast. I thought I’d introduce myself and this blog to his fans. My wife and I had lost a combined 119lbs, about the weight of our youngest daughter...","a1c-labs; family-responsibility; health-identity; original-less-of-lee-journey","anna vocino; calories; diet; fitness; health; MyFitnessPal; podcast; vinnie-tortorich; weight watchers; weight-loss","true","https://lessoflee.wordpress.com/2012/11/21/169/","../src/content/blog/2012-11-21-welcome-vinnie-tortorich-fans.md"
"2012-11-27-the-secrets-to-my-success-8211-a-thanksgiving-stor","2012-11-27","The Secrets to My Success – A Thanksgiving Story","630","Thanksgiving is one day. It’s not one day that matters, but every day. I know, Thanksgiving was last week so this post is either a week late or 51 weeks early. For someone on a diet – what...","a1c-labs; family-responsibility; feasting; food-addiction; original-less-of-lee-journey","Atkins; diet; fitness; Gary Taubes; jimmy Moore; low-carb; MyFitnessPal; vinnie-tortorich; weight-loss","true","https://lessoflee.wordpress.com/2012/11/27/the-secrets-to-my-success-a-thanksgiving-story/","../src/content/blog/2012-11-27-the-secrets-to-my-success-8211-a-thanksgiving-stor.md"
"2012-11-30-chemistry-or-character","2012-11-30","Chemistry or Character","455","Everybody knows why we are fat. We eat too much and we move too little. Simple right? Well, Gary Taubes turns this notion on it’s head in the book “Why We Get Fat: And What to Do About...","exercise; feasting; mindset; nsv; original-less-of-lee-journey","calorie; character; fitness; Gary Taubes; low-carb; podcast; weight watchers; weight-loss","true","https://lessoflee.wordpress.com/2012/11/30/chemistry-or-character/","../src/content/blog/2012-11-30-chemistry-or-character.md"
"2012-12-03-no-longer-obese","2012-12-03","No Longer Obese","501","I reached a major milestone this past week, I am no longer obese. When I started this journey seven and a half months ago, I was morbidly obese at 309lbs. I am now merely over weight at 233lbs...","capability-recovery; exercise; health-identity; mindset; nsv; original-less-of-lee-journey","Athlete; Biggest Loser; couch potato; Jillian Michaels; Lottery; Obesity; Triatholon; vinnie-tortorich; weight-loss","true","https://lessoflee.wordpress.com/2012/12/03/no-longer-obese/","../src/content/blog/2012-12-03-no-longer-obese.md"
"2012-12-08-the-new-lee-hits-the-road","2012-12-08","The New Lee Hits the Road","545","Was back on the road this week, at least for half of it. I'd spent seven weeks working from home which was a nice stretch of time. It's so much easier taking care of how you eat and...","family-responsibility; feasting; mindset; nsv; original-less-of-lee-journey","Boston; low-carb; travel; weight-loss","true","https://lessoflee.wordpress.com/2012/12/08/the-new-lee-hits-the-road/","../src/content/blog/2012-12-08-the-new-lee-hits-the-road.md"
"2012-12-23-25-and-80lbs-less-of-lee","2012-12-23","25% and 80lbs Less of Lee","422","As of this week’s weigh in, I broke the 230 barrier at 229.2lbs. That means I’ve lost 80lbs which is 25% of my starting weight of 309 last April. The scale has been frustrating the last few months...so...","capability-recovery; exercise; feasting; food-addiction; humor-voice; nsv; original-less-of-lee-journey","calorie; fitness; goals; low-carb; NSNG; scale; weight-loss","true","https://lessoflee.wordpress.com/2012/12/23/25-and-80lbs-less-of-lee/","../src/content/blog/2012-12-23-25-and-80lbs-less-of-lee.md"
"2012-12-31-holiday-food-8211-5lbs-of-lessons-learned","2012-12-31","Holiday Food – 5lbs of Lessons Learned","336","It was time to view the butcher’s bill after a week of unrestrained holiday food eating. There are now 5lbs more of Lee.","feasting; food-addiction; humor-voice; original-less-of-lee-journey","calorie counting; calories; fats; holiday; low-carb; NSNG; paleo; sugar; weight-loss","true","https://lessoflee.wordpress.com/2012/12/31/holiday-food-5lbs-of-lessons-learned/","../src/content/blog/2012-12-31-holiday-food-8211-5lbs-of-lessons-learned.md"
"2012-12-31-the-year-that-was-2012-in-fitness","2012-12-31","The Year That Was 2012 In Fitness","316","I had no New Year’s resolutions for fitness when 2012 started. I had no notion that I was going to embark on my journey to be Less of Lee. I was 309lbs with a 55” waist and climbing...","capability-recovery; exercise; original-less-of-lee-journey","exercise; fitness; P90; weight-loss","true","https://lessoflee.wordpress.com/2012/12/31/the-year-that-was-2012-in-fitness/","../src/content/blog/2012-12-31-the-year-that-was-2012-in-fitness.md"
"2013-01-01-less-of-and-fitter-lee-in-2013-8211-resolutions","2013-01-02","Less of and Fitter Lee in 2013 – Resolutions","432","Time for New Year’s Resolutions. I admit, I love to make NYR. Sometimes I’ve kept them and made fantastic life changes. Most times not. I kind of missed the opportunity last year to say “this year I’m going...","capability-recovery; exercise; food-addiction; original-less-of-lee-journey","10k; 5k; fitness; New Year's Resolutions; P90; P90X; race; resistance training; weight-loss","true","https://lessoflee.wordpress.com/2013/01/01/less-of-and-fitter-lee-in-2013-resolutions/","../src/content/blog/2013-01-01-less-of-and-fitter-lee-in-2013-8211-resolutions.md"
"2013-01-15-tell-the-world","2013-01-15","Tell The World","761","A wise, successful and experienced person recently encouraged folks starting WW to keep it to themselves. Don't tell anyone. All kinds of folks will start discouraging you and giving you all manner of nonsense dietary and health advice....","failure-restart; family-responsibility; feasting; food-addiction; original-less-of-lee-journey","fitness; low-carb; weight watchers; weight-loss","true","https://lessoflee.wordpress.com/2013/01/15/tell-the-world/","../src/content/blog/2013-01-15-tell-the-world.md"
"2013-01-26-keeping-the-faith-in-the-face-of-a-plateau","2013-01-26","Keeping The Faith In the Face of a Plateau","746","I am coming up on two months at the same weight, the first serious plateau in my journey to health. I was 231.8 last November 30, and I weighed in at 231.6 this","capability-recovery; exercise; family-responsibility; feasting; food-addiction; original-less-of-lee-journey","Biggest Loser; Bodylastics; calories; calories-in-calories-out; exercise; fitness; LIF2; low-carb; No Sugar No Grains; NSNG; P90; Pete Thomas; weight-loss","true","https://lessoflee.wordpress.com/2013/01/26/keeping-the-faith-in-the-face-of-a-plateau/","../src/content/blog/2013-01-26-keeping-the-faith-in-the-face-of-a-plateau.md"
"2013-02-02-happy-birthday-to-me-8211-gave-myself-the-gift-of","2013-02-02","Happy Birthday to Me – Gave Myself the Gift of Health","724","Happy Birthday to me. Today I turn 48. When I turned 47, I weighed approximately 315lbs with a 55” belly. I was morbidly obese. I was on meds for high blood pressure. I took Tums and Pepcids constantly....","capability-recovery; exercise; health-identity; nsv; original-less-of-lee-journey","Beachbody; Bodylastics; fitness; P90; Power 90; resistance bands; strength training; Tony Horton; weight watchers; weight-loss; work out","true","https://lessoflee.wordpress.com/2013/02/02/happy-birthday-to-me-gave-myself-the-gift-of-health/","../src/content/blog/2013-02-02-happy-birthday-to-me-8211-gave-myself-the-gift-of.md"
"2013-03-29-accepting-lee","2013-03-29","Accepting Lee","436","This has been the longest gap between blog posts. There has been little to report other than going up and down the same five pounds for the last four months. I’m at 229 as of this morning. I...","capability-recovery; exercise; failure-restart; health-identity; humor-voice; nsv; original-less-of-lee-journey","","true","https://lessoflee.wordpress.com/2013/03/29/accepting-lee/","../src/content/blog/2013-03-29-accepting-lee.md"
"2013-04-14-one-year-and-80lbs-less-of-lee","2013-04-15","One Year and 80lbs Less of Lee","376","“Ok…I’m publicly committing. Today I start my journey of becoming less.” I wrote those words one year ago. I was 47yrs old and 309lbs...morbidly obese. Today, at 229 lbs, I am no longer obese. It’s been a terrific...","exercise; health-identity; original-less-of-lee-journey","","true","https://lessoflee.wordpress.com/2013/04/14/one-year-and-80lbs-less-of-lee/","../src/content/blog/2013-04-14-one-year-and-80lbs-less-of-lee.md"
"2013-07-27-10lbs-more-of-lee-8211-back-to-tracking","2013-07-27","10lbs More of Lee – Back to Tracking","336","I finished off my one year of tracking...whether it was via Weight Watchers, or MyFitnessPal last April 13th. Tracking what I eat had been the biggest success factor in my having lost 80lbs...going from 309 to 228. The...","exercise; food-addiction; health-identity; humor-voice; original-less-of-lee-journey","","true","https://lessoflee.wordpress.com/2013/07/27/10lbs-more-of-lee-back-to-tracking/","../src/content/blog/2013-07-27-10lbs-more-of-lee-8211-back-to-tracking.md"
"2013-08-03-what8217s-new-round-2","2013-08-03","What’s New Round 2","663",""" data-medium-file=""https://lessoflee.wordpress.com/wp-content/uploads/2013/08/988694 10200833445451751 1704047050 n.jpg?w=300"" data-large-file=""https://lessoflee.wordpress.com/wp-content/uploads/2013/08/988694 10200833445451751 1704047050 n.jpg?w=500"" src="" /assets/posts/2013-08-03-what8217s-new-round-2/988694 10200833445451751 1704047050 n.jpg"" alt=""No bun or fries needed :)"" width=""300"" height=""300"" srcset=""https://lessoflee.wordpress.com/wp-content/uploads/2013/08/988694 10200833445451751 1704047050 n.jpg?w=300 300w, https://lessoflee.wordpress.com/wp-content/uploads/2013/08/988694 10200833445451751 1704047050 n.jpg?w=600 600w, https://lessoflee.wordpress.com/wp-content/uploads/2013/08/988694 10200833445451751 1704047050 n.jpg?w=150 150w"" sizes=""(max-width:...","capability-recovery; exercise; fasting; feasting; food-addiction; original-less-of-lee-journey","MyFitnessPal; No Sugar No Grains; NSNG; weight watchers; weight-loss","true","https://lessoflee.wordpress.com/2013/08/03/whats-new-round-2/","../src/content/blog/2013-08-03-what8217s-new-round-2.md"
"2021-05-03-i8217m-back-8-years-later-8211-now-diabetic","2021-05-04","I’m Back 8 Years Later – Now Diabetic","328","Ok folks, here I am. It's been 8 years since I lost that incredible 80lbs and got fit. I'd love to report that I kept it all off, but I haven't. So, as in 9 years before when...","a1c-labs; failure-restart; reversing-type-2-diabetes-journey; type-2-diabetes","","true","https://lessoflee.wordpress.com/2021/05/03/im-back-8-years-later-now-diabetic/","../src/content/blog/2021-05-03-i8217m-back-8-years-later-8211-now-diabetic.md"
"2021-05-04-i-can8217t-drive-55-fast-and-faster","2021-05-04","I Can’t Drive 55!  Fast and Faster","543","I will be exploring the benefits to my own body of fasting. Why fasting? I have a sugar disorder...or an insulin disorder. Whichever is the chicken and which is the egg, I'll not address in this post. What...","a1c-labs; fasting; feasting; mindset; reversing-type-2-diabetes-journey; type-2-diabetes","","true","https://lessoflee.wordpress.com/2021/05/04/i-cant-drive-55-fast-and-faster/","../src/content/blog/2021-05-04-i-can8217t-drive-55-fast-and-faster.md"
"2021-05-13-bonic-man-8211-continuous-glucose-monitor","2021-05-14","Bonic Man – Continuous Glucose Monitor","380","I have become a bionic man. To track my sugar, I have installed the Freestyle Libre Continuous Glucose Monitoring system in my arm. Now I can use an app on my phone to check my sugar any time...","a1c-labs; failure-restart; fasting; feasting; reversing-type-2-diabetes-journey; type-2-diabetes","","true","https://lessoflee.wordpress.com/2021/05/13/bonic-man-continuous-glucose-monitor/","../src/content/blog/2021-05-13-bonic-man-8211-continuous-glucose-monitor.md"
"2021-05-21-month-one-results-8211-reversing-t2-diabetes","2021-05-21","Month One Results – Reversing T2 Diabetes","340","It's been a month since I had my first meeting with my diabetes specialist who informed me of my 11.6 A1c blood glucose. That's scary high. In addition to taking the meds prescribed (one new med added), I...","a1c-labs; capability-recovery; fasting; feasting; reversing-type-2-diabetes-journey; type-2-diabetes","","true","https://lessoflee.wordpress.com/2021/05/21/month-one-results-reversing-t2-diabetes/","../src/content/blog/2021-05-21-month-one-results-8211-reversing-t2-diabetes.md"
"2021-05-26-a-day-in-the-new-life-8211-fasting-keto","2021-05-26","A Day in the New Life – Fasting + Keto","228","Low carb dinner last night (steak and veggies). Blood Sugar (bs) peaked at 162 and I went to bed with bs of 122.","fasting; feasting; reversing-type-2-diabetes-journey; type-2-diabetes","","true","https://lessoflee.wordpress.com/2021/05/26/a-day-in-the-new-life-fasting-keto/","../src/content/blog/2021-05-26-a-day-in-the-new-life-8211-fasting-keto.md"
"2021-06-21-2-month-progress-report","2021-06-21","2-Month Progress Report","272","It’s time for the 2-month update as it was 2 months ago yesterday that my diabetes Dr told me my A1c was 11.2. For those that don’t know, that’s in the “scary high, you’re going to go blind”...","a1c-labs; capability-recovery; exercise; reversing-type-2-diabetes-journey; type-2-diabetes","","true","https://lessoflee.wordpress.com/2021/06/21/2-month-progress-report/","../src/content/blog/2021-06-21-2-month-progress-report.md"
"2021-07-31-off-all-diabetes-meds-8211-3-month-update","2021-07-31","Off All Diabetes Meds – 3 Month Update","463","The headline says it all. I met with my diabetes specialist for the 3 month follow up – and I was able to get off the one remaining medication, metformin. My A1c has gone from 11.2 in April...","a1c-labs; capability-recovery; exercise; fasting; feasting; health-identity; reversing-type-2-diabetes-journey; type-2-diabetes","Diabetes; Fasting; Intermittent Fasting; Jason Fung; Keto; Low Carb; Sten Ekberg; The Diabetes Code","true","https://lessoflee.wordpress.com/2021/07/31/off-all-diabetes-meds-3-month-update/","../src/content/blog/2021-07-31-off-all-diabetes-meds-8211-3-month-update.md"
"2021-08-04-25lbs-less-of-lee","2021-08-04","25lbs Less of Lee","137","Scale victory – 25lbs down! I must say, it's taking a lot longer than when I did this before (in my mid 40's, now mid 50's). I'm averaging just a bit more than 1.5lbs a week. I didn't...","humor-voice; nsv; reversing-type-2-diabetes-journey","","true","https://lessoflee.wordpress.com/2021/08/04/25lbs-less-of-lee/","../src/content/blog/2021-08-04-25lbs-less-of-lee.md"
"2021-08-17-i-am-bionic-again","2021-08-17","I Am Bionic Again","348","I am bionic again. I'm having a procedure done next month and so I'm timing my use of the Freestyle Libre cgm (continuous glucose monitor) so that I won't be wearing one the day of the procedure.","a1c-labs; failure-restart; feasting; reversing-type-2-diabetes-journey; type-2-diabetes","Diabetes; Freestyle Libre; Gary Taubes; Ken Berry; Keto; Lies My Doctor Told Me; Low Carb; The Case for Keto","true","https://lessoflee.wordpress.com/2021/08/17/i-am-bionic-again/","../src/content/blog/2021-08-17-i-am-bionic-again.md"
"2021-08-24-less-of-lee-reversing-type-2-diabetes-4-month-upda","2021-08-24","Less of Lee Reversing Type 2 Diabetes 4 Month Update","473","By month 3 I had gotten off all my meds. My progress continues. I am down 29lbs. I am finally seeing a change in my size. My belly is down 2.5”, my chest is down 2” and my...","a1c-labs; fasting; nsv; reversing-type-2-diabetes-journey; type-2-diabetes","Diabetes; Fasting; Intermittent Fasting; Jason Fung; Live Lean; Reversing Diabetes; The Diabetes Code","true","https://lessoflee.wordpress.com/2021/08/24/less-of-lee-reversing-type-2-diabetes-4-month-update/","../src/content/blog/2021-08-24-less-of-lee-reversing-type-2-diabetes-4-month-upda.md"
"2021-08-29-nsv-8211-i-can-wear-my-fathers-day-shirt","2021-08-29","NSV – I can wear my Father’s Day Shirt","30","Non-scale victory. I can fit into my Father’s Day shirt…and wear my pants up around my waist instead of under my belly.","family-responsibility; fasting; feasting; nsv; reversing-type-2-diabetes-journey; type-2-diabetes","Diabetes; Intermittent Fasting; low-carb; NSNG; NSV; The Diabetes Code; weight-loss","true","https://lessoflee.wordpress.com/2021/08/29/nsv-i-can-wear-my-fathers-day-shirt/","../src/content/blog/2021-08-29-nsv-8211-i-can-wear-my-fathers-day-shirt.md"
"2021-11-27-journey-to-health-8211-7-months-in","2021-11-28","Journey to Health – 7 Months In","447","7 months ago I finally met with the diabetes specialist. 2 years before my regular doctor informed me I was now diabetic – A1c of 8.5. For whatever reason I didn’t jump right on it, and then Covid...","a1c-labs; exercise; family-responsibility; fasting; feasting; food-addiction; nsv; reversing-type-2-diabetes-journey; type-2-diabetes","","false","https://lessoflee.wordpress.com/2021/11/27/journey-to-health-7-months-in/","../src/content/blog/2021-11-27-journey-to-health-8211-7-months-in.md"
"2021-12-10-you-can-be-a-non-diabetic","2021-12-10","You Can Be a Non Diabetic","348","What if he USED to be fat. Not just fat but obese. Not just obese but morbidly obese?","health-identity; reversing-type-2-diabetes-journey; type-2-diabetes","","true","https://lessoflee.wordpress.com/2021/12/10/you-can-be-a-non-diabetic/","../src/content/blog/2021-12-10-you-can-be-a-non-diabetic.md"
"2021-12-12-40lbs-less-of-lee","2021-12-12","40lbs Less of Lee","109","There are 40.8 lbs less of Lee! Boy it took a LONG time to go from 36 to 40.","reversing-type-2-diabetes-journey","","true","https://lessoflee.wordpress.com/2021/12/12/40lbs-less-of-lee/","../src/content/blog/2021-12-12-40lbs-less-of-lee.md"
"2021-12-13-eye-on-the-prize-8211-all-the-way-to-health","2021-12-13","Eye On The Prize – All The Way to Health","283","On the topic of: can I ever eat my favorites again","food-addiction; humor-voice; reversing-type-2-diabetes-journey; type-2-diabetes","","true","https://lessoflee.wordpress.com/2021/12/13/eye-on-the-prize-all-the-way-to-health/","../src/content/blog/2021-12-13-eye-on-the-prize-8211-all-the-way-to-health.md"
"2021-12-13-the-value-of-near-mid-and-long-term-goals","2021-12-13","The Value of Near, Mid and Long Term Goals","150","I looked up how much weight I had to lose to go from morbidly obese to ones. Geez, I have to lose 25 more pounds…to JUST be obese. I’m sharing this as everything isn’t sunshine and rainbows for...","reversing-type-2-diabetes-journey","","true","https://lessoflee.wordpress.com/2021/12/13/the-value-of-near-mid-and-long-term-goals/","../src/content/blog/2021-12-13-the-value-of-near-mid-and-long-term-goals.md"
"2021-12-21-journey-to-health-8211-8-month-update","2021-12-21","Journey to Health – 8 Month Update","306","This past April I got a shock to the system when I learned my Type 2 diabetes had worsened to an A1c of 11.2 – which is really bad. Diabetes starts at 6.5.","a1c-labs; exercise; fasting; feasting; nsv; reversing-type-2-diabetes-journey; type-2-diabetes","","true","https://lessoflee.wordpress.com/2021/12/21/journey-to-health-8-month-update/","../src/content/blog/2021-12-21-journey-to-health-8211-8-month-update.md"
"2021-12-22-my-process-for-regaining-health-8211-books","2021-12-22","My Process for Regaining Health – Books","217","How do I keep my motivation? What is my process?","a1c-labs; exercise; fasting; feasting; reversing-type-2-diabetes-journey; type-2-diabetes","Diabetes; diet; exercise; Fasting; fitness; Gary Taubes; health; Intermittent Fasting; Jason Fung; Keto; low-carb; NSNG; The Diabetes Code; weight-loss","true","https://lessoflee.wordpress.com/2021/12/22/my-process-for-regaining-health-books/","../src/content/blog/2021-12-22-my-process-for-regaining-health-8211-books.md"
"2021-12-22-no-moderation-for-me","2021-12-22","No Moderation for Me","336","“Everything in Moderation” – it just has the flavor of wisdom about it. It’s repeated all the time. It must be true. But no, I reject it. I do not believe in moderation.","a1c-labs; fasting; feasting; food-addiction; mindset; reversing-type-2-diabetes-journey; type-2-diabetes","calories; Diabetes; fitness; health; Intermittent Fasting; low-carb; NSNG; The Diabetes Code; weight-loss","true","https://lessoflee.wordpress.com/2021/12/22/no-moderation-for-me/","../src/content/blog/2021-12-22-no-moderation-for-me.md"
"2021-12-24-fixing-pre-heart-disease","2021-12-24","Fixing Pre-Heart-Disease","427","I have pre-heart disease. A term I just now made up. It’s like pre-diabetes. I have the markers that let me know that if I don’t make changes, I will have the consequence of heart disease: heart attack,...","a1c-labs; fasting; feasting; reversing-type-2-diabetes-journey; type-2-diabetes","cholesterol; Diabetes; diet; Fasting; health; heart disease; Intermittent Fasting; LDL; low-carb; NSNG; The Diabetes Code; weight-loss","true","https://lessoflee.wordpress.com/2021/12/24/fixing-pre-heart-disease/","../src/content/blog/2021-12-24-fixing-pre-heart-disease.md"
"2021-12-27-end-of-year-5-day-fastcleanse","2021-12-28","End of Year 5 Day Fast/Cleanse","259","I’ve completed day 1 of a planned 5 day fast/cleanse. I feel fine, a little hungry. As I regularly fast for 18 hours, so far this is just a normal day.","a1c-labs; exercise; fasting; health-identity; reversing-type-2-diabetes-journey; type-2-diabetes","","true","https://lessoflee.wordpress.com/2021/12/27/end-of-year-5-day-fast-cleanse/","../src/content/blog/2021-12-27-end-of-year-5-day-fastcleanse.md"
"2021-12-29-becoming-fat-adapted","2021-12-29","Becoming Fat Adapted","340","I continue to make progress with my exercise. I’m doing longer workouts on the low level. It allows me to work on my form. In the beginning it feels too easy, but by the end of the workout...","exercise; feasting; reversing-type-2-diabetes-journey","","true","https://lessoflee.wordpress.com/2021/12/29/becoming-fat-adapted/","../src/content/blog/2021-12-29-becoming-fat-adapted.md"
"2021-12-29-day-1-of-5-day-fast-cleanse","2021-12-30","Day 1 of 5 Day Fast / Cleanse","134","38 hours into my 5 day fast and I’m feeling fine and I’m down 5lbs.","exercise; fasting; food-addiction; reversing-type-2-diabetes-journey","","true","https://lessoflee.wordpress.com/2021/12/29/day-1-of-5-day-fast-cleanse/","../src/content/blog/2021-12-29-day-1-of-5-day-fast-cleanse.md"
"2021-12-29-day-2-of-my-5-day-fast-cleanse","2021-12-30","Day 2 of my 5 Day Fast / Cleanse","166","Day 2 is supposed to be the hardest. For me it felt pretty much like any other day when I’ve been fasting. I get hungry a few times. The hunger goes away. Right now I have a very...","exercise; fasting; food-addiction; reversing-type-2-diabetes-journey","","true","https://lessoflee.wordpress.com/2021/12/29/day-2-of-my-5-day-fast-cleanse/","../src/content/blog/2021-12-29-day-2-of-my-5-day-fast-cleanse.md"
"2021-12-29-day-3-of-my-5-day-fast-cleanse","2021-12-30","Day 3 of my 5 Day Fast / Cleanse","240","Day 3 was indeed easier than the first two days. I didn’t feel any hunger at all until 1pm and then it wasn’t so bad. Also feeling a bit of hunger now that it’s dinner time. I miss...","a1c-labs; exercise; fasting; reversing-type-2-diabetes-journey","","true","https://lessoflee.wordpress.com/2021/12/29/day-3-of-my-5-day-fast-cleanse/","../src/content/blog/2021-12-29-day-3-of-my-5-day-fast-cleanse.md"
"2021-12-29-fasting-is-not-binging-and-purging","2021-12-30","Fasting is not Binging and Purging","352","Binging and purging. I think everyone understands what a bad idea that is.","a1c-labs; fasting; feasting; food-addiction; health-identity; reversing-type-2-diabetes-journey; type-2-diabetes","Diabetes; diet; health; low-carb; NSNG; weight-loss","true","https://lessoflee.wordpress.com/2021/12/29/fasting-is-not-binging-and-purging/","../src/content/blog/2021-12-29-fasting-is-not-binging-and-purging.md"
"2021-12-30-day-4-of-my-5-day-fast-cleanse","2021-12-30","Day 4 of my 5 Day Fast / Cleanse","373","There are now 51lbs less of Lee. I realize that after the fast is over, the water will come back. I’m still going to celebrate the moment. Water isn’t what we are concerned about. I’ll have lost maybe...","a1c-labs; capability-recovery; exercise; fasting; feasting; mindset; reversing-type-2-diabetes-journey; type-2-diabetes","Diabetes; exercise; Fasting; health; Intermittent Fasting; low-carb; NSNG; The Diabetes Code; weight-loss","true","https://lessoflee.wordpress.com/2021/12/30/day-4-of-my-5-day-fast-cleanse/","../src/content/blog/2021-12-30-day-4-of-my-5-day-fast-cleanse.md"
"2022-01-01-i-dont-have-a-disease-8211-i-have-a-consequence","2022-01-01","I Don’t Have a Disease – I Have a Consequence","125","I don’t have a disease, I have a consequence.","food-addiction; reversing-type-2-diabetes-journey; type-2-diabetes","Diabetes; fitness; health; weight-loss","true","https://lessoflee.wordpress.com/2022/01/01/i-dont-have-a-disease-i-have-a-consequence/","../src/content/blog/2022-01-01-i-dont-have-a-disease-8211-i-have-a-consequence.md"
"2022-01-01-fat-to-thin-and-fat-again-lesson-1-8211-health-and","2022-01-02","Fat to Thin and Fat Again: Lesson 1 – Health and Fitness is not a Destination","356","It’s time I finally got around to speaking about what went wrong. How did I lose 80lbs and get fit and then gain 100lbs and and lose all of that hard won fitness.","exercise; failure-restart; fasting; feasting; food-addiction; health-identity; mindset; reversing-type-2-diabetes-journey; type-2-diabetes","calorie; Diabetes; diet; exercise; Fasting; fitness; health; Intermittent Fasting; Jason Fung; Keto; low-carb; No Sugar No Grains; NSNG; vinnie-tortorich; weight-loss","true","https://lessoflee.wordpress.com/2022/01/01/fat-to-thin-and-fat-again-lesson-1-health-and-fitness-is-not-a-destination/","../src/content/blog/2022-01-01-fat-to-thin-and-fat-again-lesson-1-8211-health-and.md"
"2022-01-04-improving-my-body","2022-01-05","Improving my Body","221","I never cease to be amazed at the concept that your body can get better. I started out barely able to complete a low level exercise in Supernatural. I have osteo arthritis knees. Morbidly obese and sedentary beyond...","capability-recovery; exercise; reversing-type-2-diabetes-journey","Eleven; exercise; oculus; Supernatural; virtual reality","true","https://lessoflee.wordpress.com/2022/01/04/improving-my-body/","../src/content/blog/2022-01-04-improving-my-body.md"
"2022-01-10-fitness-plan-starts-with-health-goals","2022-01-11","Fitness Plan Starts with Health Goals","164","Working on putting together a fitness plan – going to finally get around to strength training. But before I work out the specifics of a program, I wanted to come to clarity on what my health goals for...","a1c-labs; capability-recovery; exercise; fasting; reversing-type-2-diabetes-journey; type-2-diabetes","Diabetes; fitness; health; Intermittent Fasting; weight-loss","true","https://lessoflee.wordpress.com/2022/01/10/fitness-plan-starts-with-health-goals/","../src/content/blog/2022-01-10-fitness-plan-starts-with-health-goals.md"
"2022-01-13-how-to-learn-to-cook-8211-lee-style","2022-01-14","How to learn to cook – Lee style.","266","How to learn to cook – Lee style. I’m frequently asked about the recipe for my meals….or am encouraged to put together a cook book. I am about to reveal the secret to “learning to cook like Lee”....","feasting; reversing-type-2-diabetes-journey","","true","https://lessoflee.wordpress.com/2022/01/13/how-to-learn-to-cook-lee-style/","../src/content/blog/2022-01-13-how-to-learn-to-cook-8211-lee-style.md"
"2022-01-14-total-health-program-8211-not-just-diabetes","2022-01-14","Total Health Program – Not Just Diabetes","382","This past April, my level of type 2 diabetes…my A1c hit 11.2 – seriously high. Not that any level of diabetes isn’t already bad. If fact, if you are told you are prediabetic – it’s already time to...","a1c-labs; exercise; fasting; feasting; health-identity; reversing-type-2-diabetes-journey; type-2-diabetes","Diabetes; diet; exercise; Fasting; fitness; health; healthy-living; Intermittent Fasting; low-carb; NSNG; weight-loss","true","https://lessoflee.wordpress.com/2022/01/14/total-health-program-not-just-diabetes/","../src/content/blog/2022-01-14-total-health-program-8211-not-just-diabetes.md"
"2022-01-15-fitness-variety-for-lifetime-engagement","2022-01-15","Fitness Variety for Lifetime Engagement","274","Today my wife and I did a dance workout using Apple Fitness+. It’s an exercise we can do together. It’s winter in Chicago where I live so my favorite exercise – walking outside – isn’t much of an...","capability-recovery; exercise; reversing-type-2-diabetes-journey; type-2-diabetes","Apple Fitness; Diabetes; exercise; fitness; health; Meta Quest 2; Oculus Quest; Supernatural; weight-loss","true","https://lessoflee.wordpress.com/2022/01/15/fitness-variety-for-lifetime-engagement/","../src/content/blog/2022-01-15-fitness-variety-for-lifetime-engagement.md"
"2022-01-15-put-t2-diabetes-into-remission-by-rejecting-modera","2022-01-15","Put T2 Diabetes into Remission by Rejecting Moderation","252","Moderation, by definition, is deprivation. You have to make changes to get different results. If you eat all the foods you’ve ever been eating…just “in moderate amounts” you are still depriving yourself from what you used to eat.","a1c-labs; fasting; feasting; food-addiction; health-identity; reversing-type-2-diabetes-journey; type-2-diabetes","Diabetes; diet; Fasting; health; Intermittent Fasting; Jason Fung; Keto; low-carb; NSNG; The Diabetes Code; weight-loss","true","https://lessoflee.wordpress.com/2022/01/15/put-t2-diabetes-into-remission-by-rejecting-moderation/","../src/content/blog/2022-01-15-put-t2-diabetes-into-remission-by-rejecting-modera.md"
"2022-01-15-the-weight-training-begins","2022-01-16","The Weight Training Begins","16","Grunting like an Olympic power lifter – as I work out with 10lb barbells. Gotta start somewhere","exercise; reversing-type-2-diabetes-journey","dumbbells; exercise; fitness; health; healthy-living; powerblocks; weight lifting","true","https://lessoflee.wordpress.com/2022/01/15/the-weight-training-begins/","../src/content/blog/2022-01-15-the-weight-training-begins.md"
"2022-01-16-time-for-a-little-reward","2022-01-16","Time for a Little Reward","29","Reward shirt. Down 45lbs and 6.5”, I was able to buy this 2x jersey (Go Brady!) – very difficult to find the 3x-Tall shirts I needed 9 months ago","fasting; feasting; reversing-type-2-diabetes-journey; type-2-diabetes","Diabetes; diet; Fasting; fitness; Gary Taubes; health; Intermittent Fasting; Jason Fung; Keto; low-carb; NSNG; The Diabetes Code; weight-loss","true","https://lessoflee.wordpress.com/2022/01/16/time-for-a-little-reward/","../src/content/blog/2022-01-16-time-for-a-little-reward.md"
"2022-01-17-fat-to-thin-and-fat-again-lesson-2-8211-the-health","2022-01-17","Fat to Thin and Fat Again: Lesson 2 – The Health Hobby","180","Nobody likes to diet. Everybody loves a hobby. One of the best things I did on my first health journey was to make a hobby out of getting healthy. I lost 80lbs and got fit in a year....","exercise; failure-restart; fasting; feasting; mindset; reversing-type-2-diabetes-journey; type-2-diabetes","Bodylastics; Diabetes; diet; dumbbells; exercise; Fasting; fitness; health; healthy-living; Intermittent Fasting; Keto; low-carb; NSNG; Supernatural; The Diabetes Code; weight-loss","true","https://lessoflee.wordpress.com/2022/01/17/fat-to-thin-and-fat-again-lesson-2-the-health-hobby/","../src/content/blog/2022-01-17-fat-to-thin-and-fat-again-lesson-2-8211-the-health.md"
"2022-01-17-the-best-total-health-book-8211-the-pe-diet","2022-01-17","The Best Total Health Book – The P:E Diet","167","Just finished The P:E Diet by Ted Naiman. It may well be the best “total health” book I’ve ever read.","exercise; fasting; feasting; reversing-type-2-diabetes-journey; type-2-diabetes","Diabetes; diet; exercise; Fasting; fitness; health; Intermittent Fasting; low-carb; The Diabetes Code; weight-loss","true","https://lessoflee.wordpress.com/2022/01/17/the-best-total-health-book-the-pe-diet/","../src/content/blog/2022-01-17-the-best-total-health-book-8211-the-pe-diet.md"
"2022-01-17-what-to-do-when-you-know-nothing","2022-01-18","What To Do When You Know Nothing","372","I’m aging myself, but I remember a Tv character, Sargent Schultz, from the show Hogan's Hero’s. His signature line was “I know nothing, NOTHING!!” – said with a German accent. That’s how I currently feel about fitness. How...","capability-recovery; exercise; mindset; reversing-type-2-diabetes-journey; type-2-diabetes","Diabetes; exercise; fitness; health; mindset; weight-loss","true","https://lessoflee.wordpress.com/2022/01/17/what-to-do-when-you-know-nothing/","../src/content/blog/2022-01-17-what-to-do-when-you-know-nothing.md"
"2022-01-21-9-month-update-8211-less-of-lee-round-2","2022-01-21","9 Month Update – Less of Lee Round 2","357","I have to do it all over again. 9 years ago, I’m my mid 40's, lost 80lbs and got fit. Nine months ago, I was back where I started, only 20 lbs heavier, type 2 diabetic (A1c of...","a1c-labs; exercise; fasting; feasting; reversing-type-2-diabetes-journey; type-2-diabetes","calories; Diabetes; diet; exercise; Fasting; fitness; health; Intermittent Fasting; Jason Fung; Keto; low-carb; NSNG; The Diabetes Code; vinnie-tortorich; weight-loss","true","https://lessoflee.wordpress.com/2022/01/21/9-month-update-less-of-lee-round-2/","../src/content/blog/2022-01-21-9-month-update-8211-less-of-lee-round-2.md"
"2022-01-23-you-cant-do-ituntil-you-can","2022-01-23","You Can’t Do It…Until You Can","74","I just finished a high level workout in Supernatural – and scored platinum. 5 months ago I couldn’t complete a low level routine. The warm up had me tired. Now I’m doing workouts that get my heart rate...","exercise; feasting; reversing-type-2-diabetes-journey; type-2-diabetes","Diabetes; exercise; fitness; health; healthy-living; low-carb; Supernatural; weight-loss","true","https://lessoflee.wordpress.com/2022/01/23/you-cant-do-ituntil-you-can/","../src/content/blog/2022-01-23-you-cant-do-ituntil-you-can.md"
"2022-01-26-its-cold-but-im-prepared","2022-01-26","It’s Cold But I’m Prepared","42","This is why I got my Oculus Quest 2 – to continue working out in the winter. I love my walks, but it’s dark, snow and ice, and very cold in the winter. For the rest of the...","reversing-type-2-diabetes-journey","","true","https://lessoflee.wordpress.com/2022/01/26/its-cold-but-im-prepared/","../src/content/blog/2022-01-26-its-cold-but-im-prepared.md"
"2022-01-27-january-5-day-fast-8211-day-3","2022-01-27","January 5 Day Fast – Day 3","130","It’s morning day 3 of January’s 5 day fast. Feeling good. Went to bed early and got up early. Exercising and playing with no noticeable difference.","fasting; feasting; reversing-type-2-diabetes-journey; type-2-diabetes","Diabetes; Fasting; health; Intermittent Fasting; Jason Fung; low-carb; The Diabetes Code; weight-loss","false","https://lessoflee.wordpress.com/2022/01/27/january-5-day-fast-day-3/","../src/content/blog/2022-01-27-january-5-day-fast-8211-day-3.md"
"2022-01-28-nsv-8211-clown-pants","2022-01-28","NSV – Clown Pants","7","What I was wearing 9 months ago","exercise; fasting; feasting; humor-voice; nsv; reversing-type-2-diabetes-journey; type-2-diabetes","Diabetes; diet; exercise; Fasting; fitness; health; Intermittent Fasting; Jason Fung; Keto; low-carb; NSNG; The Diabetes Code; vinnie-tortorich; weight-loss","true","https://lessoflee.wordpress.com/2022/01/28/nsv-clown-pants/","../src/content/blog/2022-01-28-nsv-8211-clown-pants.md"
"2022-01-30-trauma","2022-01-30","Trauma","165","This is hard to write…but I can’t talk about diabetes and health stuff with something much more portent that also happened.","family-responsibility; mindset; reversing-type-2-diabetes-journey; type-2-diabetes","","true","https://lessoflee.wordpress.com/2022/01/30/trauma/","../src/content/blog/2022-01-30-trauma.md"
"2022-01-30-cooking-with-anna-vocino","2022-01-31","Cooking with Anna Vocino","55","I cooked with Anna Vocino today with her Keto Brunch Party. Shrimp and “grits” (riced cauliflower) and a Tomato, Cucumber, Bacon and avocado salad. Absolutely delicious. Brought her cook books to life (Eat Happy, Eat Happy Too) Wife...","feasting; reversing-type-2-diabetes-journey; type-2-diabetes","Diabetes; health; low-carb; NSNG; weight-loss","true","https://lessoflee.wordpress.com/2022/01/30/cooking-with-anna-vocino/","../src/content/blog/2022-01-30-cooking-with-anna-vocino.md"
"2022-01-30-fruit-8211-nature8217s-candy","2022-01-31","Fruit – Nature’s Candy","216","This was my last off plan meal and I’m back on track. It brings up the topic of fruit. How can fruit be bad for you?","a1c-labs; feasting; mindset; reversing-type-2-diabetes-journey; type-2-diabetes","Diabetes; diet; health; low-carb; NSNG; weight-loss","true","https://lessoflee.wordpress.com/2022/01/30/fruit-natures-candy/","../src/content/blog/2022-01-30-fruit-8211-nature8217s-candy.md"
"2022-02-02-thoughts-on-health-as-i-turn-57","2022-02-02","Thoughts on Health as I Turn 57","267","It was a good year. I made huge gains in my health. I am prepped to continue making more progress in the coming year.","exercise; feasting; food-addiction; mindset; reversing-type-2-diabetes-journey; type-2-diabetes","Diabetes; exercise; fitness; health; low-carb; NSNG; weight-loss","true","https://lessoflee.wordpress.com/2022/02/02/thoughts-on-health-as-i-turn-57/","../src/content/blog/2022-02-02-thoughts-on-health-as-i-turn-57.md"
"2022-02-03-mindset-more-to-do-in-2022","2022-02-03","Mindset:  More To Do In 2022","167","Mindset is such a vital component to regaining health. I took this photo to prepare my mind for the work ahead this year. I made a lot of progress in the last nine months. And yet, there is...","exercise; fasting; feasting; mindset; reversing-type-2-diabetes-journey; type-2-diabetes","Diabetes; exercise; fitness; health; Intermittent Fasting; low-carb; mindset; NSNG; weight-loss","true","https://lessoflee.wordpress.com/2022/02/03/mindset-more-to-do-in-2022/","../src/content/blog/2022-02-03-mindset-more-to-do-in-2022.md"
"2022-02-05-mindset-progress-over-perfection","2022-02-05","Mindset: Progress Over Perfection","163","Quick and easy stir fry. I cut up chicken breasts, and left over steak. Browned in the wok and added a bag of frozen stir fry veggies. I also added some sliced mushrooms.","fasting; feasting; mindset; reversing-type-2-diabetes-journey","diet; health; healthy-living; Intermittent Fasting; Keto; low-carb; NSNG; weight-loss","true","https://lessoflee.wordpress.com/2022/02/05/mindset-progress-over-perfection/","../src/content/blog/2022-02-05-mindset-progress-over-perfection.md"
"2022-02-06-i-cantuntil-i-can-8211-exercise-vigorously-for-an","2022-02-06","I Can’t…Until I Can – Exercise Vigorously for an Hour","228","What a joy it is to meet some ambitious goals. When I started this 2nd journey to health I made 3 goals. I accomplished the first- getting off all the diabetes meds and put my diabetes into remission....","capability-recovery; exercise; mindset; reversing-type-2-diabetes-journey; type-2-diabetes","Diabetes; diet; exercise; fitness; health; healthy-living; mindset; weight-loss","true","https://lessoflee.wordpress.com/2022/02/06/i-cantuntil-i-can-exercise-vigorously-for-an-hour/","../src/content/blog/2022-02-06-i-cantuntil-i-can-8211-exercise-vigorously-for-an.md"
"2022-02-06-nsv-8211-i-can-bowl","2022-02-07","NSV – I Can Bowl","172","I can’t bowl well, mind you. But for my birthday my children thought going bowling would be fun. And it was. The non-scale victory is that my knees and legs have improved enough that I could actually bowl.","exercise; nsv; reversing-type-2-diabetes-journey","exercise; fitness; health; healthy-living; weight-loss","true","https://lessoflee.wordpress.com/2022/02/06/nsv-i-can-bowl/","../src/content/blog/2022-02-06-nsv-8211-i-can-bowl.md"
"2022-02-10-nsv-8211-cleaning-out-the-closet","2022-02-11","NSV – Cleaning Out The Closet","100","Was getting dressed to take my Sweetie out for Valentines dinner. All my clothes from last spring are like tents. Had to clean out the closet as I can’t even wear these as “a little baggy”. That shirt...","exercise; fasting; feasting; nsv; reversing-type-2-diabetes-journey; type-2-diabetes","Diabetes; diet; exercise; Fasting; fitness; health; Intermittent Fasting; Jason Fung; Keto; low-carb; NSNG; The Diabetes Code; weight-loss","true","https://lessoflee.wordpress.com/2022/02/10/nsv-cleaning-out-the-closet/","../src/content/blog/2022-02-10-nsv-8211-cleaning-out-the-closet.md"
"2022-02-12-the-value-of-supernatural-and-oculus-quest","2022-02-12","The Value of Supernatural and Oculus Quest","769","When I shared a progress photo recently, I didn’t give SN the credit for the weight loss. I know that some are looking to SN for that very thing. It’s known, though, that you can’t out exercise a...","capability-recovery; exercise; fasting; feasting; reversing-type-2-diabetes-journey; type-2-diabetes","Diabetes; diet; exercise; fitness; health; Intermittent Fasting; low-carb; NSNG; weight-loss","true","https://lessoflee.wordpress.com/2022/02/12/the-value-of-supernatural-and-oculus-quest/","../src/content/blog/2022-02-12-the-value-of-supernatural-and-oculus-quest.md"
"2022-02-12-fasting-is-done-feasting-has-begun","2022-02-13","Fasting is done, feasting has begun.","325","Bacon and eggs, doesn’t get much easier or healthier than this.","a1c-labs; fasting; feasting; food-addiction; health-identity; reversing-type-2-diabetes-journey; type-2-diabetes","Diabetes; diet; Fasting; health; healthy-living; Intermittent Fasting; Keto; low-carb; The Diabetes Code; weight-loss","true","https://lessoflee.wordpress.com/2022/02/12/fasting-is-done-feasting-has-begun/","../src/content/blog/2022-02-12-fasting-is-done-feasting-has-begun.md"
"2022-02-12-i-cantuntil-i-can-play-pickleball","2022-02-13","I Can’t…Until I Can: Play Pickleball","217","I have osteoarthritis in my knees. Because of that, there are a lot of things I can’t do. I can’t run. I can’t jog. I can’t sprint. I can’t jump. I can’t play basketball. I can’t play tennis.","capability-recovery; exercise; feasting; reversing-type-2-diabetes-journey","exercise; fitness; health; healthy-living; low-carb; Supernatural; weight-loss","true","https://lessoflee.wordpress.com/2022/02/12/i-cantuntil-i-can-play-pickleball/","../src/content/blog/2022-02-12-i-cantuntil-i-can-play-pickleball.md"
"2022-02-13-the-road-not-taken","2022-02-14","The Road Not Taken","447","Last April I met with my diabetes specialist. My A1c was 11.2.","a1c-labs; exercise; fasting; feasting; health-identity; reversing-type-2-diabetes-journey; type-2-diabetes","Diabetes; diet; exercise; Fasting; fitness; health; Intermittent Fasting; Jason Fung; Keto; low-carb; NSNG; The Diabetes Code; weight-loss","true","https://lessoflee.wordpress.com/2022/02/13/the-road-not-taken/","../src/content/blog/2022-02-13-the-road-not-taken.md"
"2022-02-14-i-wasnt-born-this-way-8211-the-food-is-diseased","2022-02-15","I Wasn’t Born This Way – (the food is diseased)","33","I wasn’t always fat. It took decades of eating highly processed “food”, margarine and seed oils to decimate the wonderful metabolism I was born with.","feasting; food-addiction; reversing-type-2-diabetes-journey; type-2-diabetes","Diabetes; diet; fitness; health; healthy-living; low-carb; NSNG; weight-loss","true","https://lessoflee.wordpress.com/2022/02/14/i-wasnt-born-this-way-the-food-is-diseased/","../src/content/blog/2022-02-14-i-wasnt-born-this-way-8211-the-food-is-diseased.md"
"2022-02-16-nsv-8211-whats-old-is-new-again","2022-02-16","NSV – what’s old is new again.","113","Got into the old boxes for the clothes I had fatted out of. This time as I grew fat again, I kept all those clothes for the day I would be able to wear them again.","capability-recovery; exercise; failure-restart; feasting; nsv; reversing-type-2-diabetes-journey; type-2-diabetes","Diabetes; fitness; health; low-carb; weight-loss","true","https://lessoflee.wordpress.com/2022/02/16/nsv-whats-old-is-new-again/","../src/content/blog/2022-02-16-nsv-8211-whats-old-is-new-again.md"
"2022-02-17-body-by-doritos","2022-02-17","Body By Doritos","209","I was hungry at midnight last night. I almost got up and went to raid the fridge. Aren’t I the one who proclaims your body tells you when to eat and how much? My body was demanding food....","fasting; feasting; food-addiction; humor-voice; reversing-type-2-diabetes-journey","diet; health; Intermittent Fasting; low-carb; NSNG; weight-loss","true","https://lessoflee.wordpress.com/2022/02/17/body-by-doritos/","../src/content/blog/2022-02-17-body-by-doritos.md"
"2022-02-17-the-beauty-of-the-feast","2022-02-17","The Beauty of the Feast","142","Scrambled eggs with bell peppers, mushrooms and cheese.","fasting; feasting; food-addiction; reversing-type-2-diabetes-journey; type-2-diabetes","Diabetes; diet; Fasting; health; Intermittent Fasting; low-carb; NSNG; weight-loss","false","https://lessoflee.wordpress.com/2022/02/17/the-beauty-of-the-feast/","../src/content/blog/2022-02-17-the-beauty-of-the-feast.md"
"2022-02-19-there-is-a-natural-cure-for-type-2-diabetes","2022-02-19","There Is A Natural “Cure” for Type 2 Diabetes","352","Is there a natural cure for Type 2 Diabetes? D@mn straight there is.","a1c-labs; exercise; fasting; feasting; reversing-type-2-diabetes-journey; type-2-diabetes","Diabetes; diet; exercise; Fasting; fitness; health; healthy-living; Intermittent Fasting; Jason Fung; low-carb; NSNG; The Diabetes Code; vinnie-tortorich; weight-loss","true","https://lessoflee.wordpress.com/2022/02/19/there-is-a-natural-cure-for-type-2-diabetes/","../src/content/blog/2022-02-19-there-is-a-natural-cure-for-type-2-diabetes.md"
"2022-02-20-hamburger-veggie-egg-and-cheese-creations","2022-02-20","Hamburger, Veggie, Egg and Cheese Creations","137","Another “hamburger (mince), veggies, cheese and egg” creation.","fasting; feasting; mindset; reversing-type-2-diabetes-journey; type-2-diabetes","Diabetes; diet; health; Intermittent Fasting; low-carb; meal idea; NSNG; recipe; weight-loss","true","https://lessoflee.wordpress.com/2022/02/20/473/","../src/content/blog/2022-02-20-hamburger-veggie-egg-and-cheese-creations.md"
"2022-02-22-the-benefits-of-extended-fasting-8211-day-1","2022-02-23","The Benefits of Extended Fasting – Day 1","199","Fasting is an amazing health practice,. Intermittent fasting helped me get off all my diabetes meds and put type 2 diabetes into remission.","a1c-labs; exercise; fasting; feasting; reversing-type-2-diabetes-journey; type-2-diabetes","Diabetes; Fasting; fitness; health; Intermittent Fasting; low-carb; weight-loss","true","https://lessoflee.wordpress.com/2022/02/22/the-benefits-of-extended-fasting-day-1/","../src/content/blog/2022-02-22-the-benefits-of-extended-fasting-8211-day-1.md"
"2022-02-22-the-benefits-of-extended-fasting-8211-day-2","2022-02-23","The Benefits of Extended Fasting – Day 2","268","Fasting is an amazing health practice. Intermittent fasting helped me get off all my diabetes meds and put type 2 diabetes into remission. With my doctor’s recommendation I have begun a monthly 5 day fast. This is a...","a1c-labs; fasting; feasting; reversing-type-2-diabetes-journey; type-2-diabetes","Diabetes; diet; Fasting; fitness; health; Intermittent Fasting; low-carb; weight-loss","true","https://lessoflee.wordpress.com/2022/02/22/the-benefits-of-extended-fasting-day-2/","../src/content/blog/2022-02-22-the-benefits-of-extended-fasting-8211-day-2.md"
"2022-02-23-10-month-update-8211-less-of-lee-round-2","2022-02-23","10 Month Update – Less of Lee Round 2","529","I have to do it all over again. 10 years ago, I’m in mid 40's, lost 80lbs and got fit. 10 months ago, I was back where I started, only 20 lbs heavier, type 2 diabetic (A1c of...","a1c-labs; capability-recovery; exercise; fasting; feasting; health-identity; reversing-type-2-diabetes-journey; type-2-diabetes","Diabetes; diet; exercise; Fasting; fitness; health; healthy-living; Intermittent Fasting; Jason Fung; Keto; low-carb; NSNG; The Diabetes Code; vinnie-tortorich; weight-loss","true","https://lessoflee.wordpress.com/2022/02/23/10-month-update-less-of-lee-round-2/","../src/content/blog/2022-02-23-10-month-update-8211-less-of-lee-round-2.md"
"2022-02-23-the-benefits-of-extended-fasting-8211-day-3","2022-02-24","The Benefits of Extended Fasting – Day 3","367","Fasting is an amazing health practice. Intermittent fasting helped me get off all my diabetes meds and put type 2 diabetes into remission. With my doctor’s recommendation I have begun a monthly 5 day fast. This is a...","a1c-labs; exercise; fasting; feasting; reversing-type-2-diabetes-journey; type-2-diabetes","Diabetes; diet; exercise; Fasting; fitness; health; healthy-living; Intermittent Fasting; low-carb; NSNG; The Diabetes Code; weight-loss","true","https://lessoflee.wordpress.com/2022/02/23/the-benefits-of-extended-fasting-day-3/","../src/content/blog/2022-02-23-the-benefits-of-extended-fasting-8211-day-3.md"
"2022-02-24-the-benefits-of-extended-fasting-8211-day-4","2022-02-25","The Benefits of Extended Fasting – Day 4","346","Fasting is an amazing health practice. Intermittent fasting helped me get off all my diabetes meds and put type 2 diabetes into remission. With my doctor’s recommendation I have begun a monthly 5 day fast. This is a...","a1c-labs; exercise; fasting; feasting; humor-voice; mindset; reversing-type-2-diabetes-journey; type-2-diabetes","Diabetes; diet; exercise; Fasting; fitness; health; healthy-living; Intermittent Fasting; Jason Fung; Keto; low-carb; NSNG; The Diabetes Code; weight-loss","true","https://lessoflee.wordpress.com/2022/02/24/the-benefits-of-extended-fasting-day-4/","../src/content/blog/2022-02-24-the-benefits-of-extended-fasting-8211-day-4.md"
"2022-02-25-the-benefits-of-extended-fasting-8211-day-5","2022-02-26","The Benefits of Extended Fasting – Day 5","804","Fasting is an amazing health practice. Intermittent fasting helped me get off all my diabetes meds and put type 2 diabetes into remission. With my doctor’s recommendation I have begun a monthly 5 day fast. This is a...","a1c-labs; capability-recovery; exercise; fasting; feasting; humor-voice; reversing-type-2-diabetes-journey; type-2-diabetes","Diabetes; diet; exercise; Fasting; fitness; health; healthy-living; Intermittent Fasting; low-carb; NSNG; The Diabetes Code; weight-loss","true","https://lessoflee.wordpress.com/2022/02/25/the-benefits-of-extended-fasting-day-5/","../src/content/blog/2022-02-25-the-benefits-of-extended-fasting-8211-day-5.md"
"2022-03-01-i-cantuntil-i-can-engage-in-high-intensity-interva","2022-03-02","I Can’t…Until I Can: Engage in High Intensity Interval Training.","274","There are benefits to this form of training and I used to do sprints in a HIIT fashion. But with my arthritic knees…running of any kind is currently not an option.","capability-recovery; exercise; reversing-type-2-diabetes-journey; type-2-diabetes","Diabetes; exercise; fitness; health; weight-loss","true","https://lessoflee.wordpress.com/2022/03/01/i-cantuntil-i-can-engage-in-high-intensity-interval-training/","../src/content/blog/2022-03-01-i-cantuntil-i-can-engage-in-high-intensity-interva.md"
"2022-03-02-guess-who-could-almost-run-today","2022-03-02","Guess who could almost run today!","71","We are talking about going from walking with a cane and having a handicap sticker to park close the door and hoping I can get the shopping done quick enough before my knees keep me from making it...","capability-recovery; reversing-type-2-diabetes-journey","","true","https://lessoflee.wordpress.com/2022/03/02/guess-who-could-almost-run-today/","../src/content/blog/2022-03-02-guess-who-could-almost-run-today.md"
"2022-03-03-weight-loss-visualized-with-cat-food","2022-03-04","Weight Loss Visualized with Cat Food","45","Shopping for cat food – held up 2 bags that weigh about as much as the weight I’ve lost.","feasting; nsv; reversing-type-2-diabetes-journey","diet; fitness; health; low-carb; NSNG; weight-loss","true","https://lessoflee.wordpress.com/2022/03/03/weight-loss-visualized-with-cat-food/","../src/content/blog/2022-03-03-weight-loss-visualized-with-cat-food.md"
"2022-03-04-why-feast","2022-03-04","Why “Feast”?","108","Pedantics rejoice, we shall commence the argument over the word: feast.","fasting; feasting; reversing-type-2-diabetes-journey; type-2-diabetes","Diabetes; diet; Fasting; health; healthy-living; Intermittent Fasting; low-carb; NSNG; weight-loss","true","https://lessoflee.wordpress.com/2022/03/04/why-feast/","../src/content/blog/2022-03-04-why-feast.md"
"2022-03-06-the-fix-everything-pill","2022-03-06","The Fix Everything Pill","80","I had the opportunity to give the sermon at my local church today and shared from my journey to put my type 2 diabetes into remission.","exercise; fasting; feasting; reversing-type-2-diabetes-journey; type-2-diabetes","Diabetes; diet; exercise; Fasting; fitness; health; healthy-living; Intermittent Fasting; low-carb; NSNG; weight-loss","false","https://lessoflee.wordpress.com/2022/03/06/the-fix-everything-pill/","../src/content/blog/2022-03-06-the-fix-everything-pill.md"
"2022-03-08-blood-meters","2022-03-08","Blood Meters","337","My insurance switched my blood meter on me – and it turns out – I like it. I’ve been using the Accuchek meter for years. I don’t know if it’s better or worse, but it’s been the one...","a1c-labs; reversing-type-2-diabetes-journey; type-2-diabetes","","false","https://lessoflee.wordpress.com/2022/03/08/blood-meters/","../src/content/blog/2022-03-08-blood-meters.md"
"2022-03-09-health-is-the-destination","2022-03-09","Health is the Destination","366","I hit 5.2 on my A1c, so I’m done, right? Unfortunately – not even close.","a1c-labs; exercise; fasting; feasting; reversing-type-2-diabetes-journey; type-2-diabetes","Diabetes; diet; exercise; Fasting; fitness; health; healthy-living; Intermittent Fasting; Jason Fung; Keto; low-carb; NSNG; The Diabetes Code; vinnie-tortorich; weight-loss","true","https://lessoflee.wordpress.com/2022/03/09/health-is-the-destination/","../src/content/blog/2022-03-09-health-is-the-destination.md"
"2022-03-11-clothes-shopping-from-my-closet","2022-03-11","“Clothes Shopping” from my Closet","117","Oh the joy of ”clothes shopping in my closet”. Clearly I’m not yet able to wear my favorite http://www.dad.com sweat shirt. And the shorts go into the ”donate pile”.","fasting; nsv; reversing-type-2-diabetes-journey","fitness; health; Intermittent Fasting; NSNG; weight-loss","true","https://lessoflee.wordpress.com/2022/03/11/clothes-shopping-from-my-closet/","../src/content/blog/2022-03-11-clothes-shopping-from-my-closet.md"
"2022-03-14-if-i-can-do-ityou-can","2022-03-14","If I Can Do It…You Can","624","“New” – old clothes for church. I am on a bit of a roll…in the pocket. Making good choices and building upon them. Seeing great results.","a1c-labs; exercise; failure-restart; fasting; feasting; mindset; nsv; reversing-type-2-diabetes-journey; type-2-diabetes","Diabetes; diet; exercise; Fasting; fitness; health; healthy-living; Intermittent Fasting; Jason Fung; Keto; low-carb; NSNG; The Diabetes Code; vinnie-tortorich; weight-loss","true","https://lessoflee.wordpress.com/2022/03/14/if-i-can-do-ityou-can/","../src/content/blog/2022-03-14-if-i-can-do-ityou-can.md"
"2022-03-16-good-sleep-night","2022-03-16","Good Sleep Night","285","Last night was a good sleep night for me. I’ve been working on improving sleep. It’s very important to your health and directly related to insulin resistance and obesity.","a1c-labs; exercise; failure-restart; reversing-type-2-diabetes-journey; type-2-diabetes","Diabetes; health; sleep","true","https://lessoflee.wordpress.com/2022/03/16/good-sleep-night/","../src/content/blog/2022-03-16-good-sleep-night.md"
"2022-03-19-muscle-equals-health","2022-03-19","Muscle Equals Health","108","4 minute video on why we need more muscle. Ted Naiman, through his book The P:E Diet, is the one who connected ”muscle equals health” to me.","exercise; reversing-type-2-diabetes-journey","exercise; fitness; health; weight-loss","true","https://lessoflee.wordpress.com/2022/03/19/muscle-equals-health/","../src/content/blog/2022-03-19-muscle-equals-health.md"
"2022-03-20-11-month-update-8211-less-of-lee-round-2","2022-03-20","11 Month Update – Less of Lee Round 2","577","I have to do it all over again. 10 years ago, I’m in mid 40's, lost 80lbs and got fit. 11 months ago, I was back where I started, only 20 lbs heavier, type 2 diabetic (A1c of...","a1c-labs; capability-recovery; exercise; fasting; feasting; health-identity; reversing-type-2-diabetes-journey; type-2-diabetes","Diabetes; diet; exercise; Fasting; fitness; health; healthy-living; Intermittent Fasting; Jason Fung; Keto; low-carb; NSNG; The Diabetes Code; vinnie-tortorich; weight-loss","true","https://lessoflee.wordpress.com/2022/03/20/11-month-update-less-of-lee-round-2/","../src/content/blog/2022-03-20-11-month-update-8211-less-of-lee-round-2.md"
"2022-03-20-march-22-5-day-fast-begins","2022-03-20","March 22 5 Day Fast Begins","77","Feasting is done – my monthly 5 day fast has begun.","fasting; feasting; health-identity; reversing-type-2-diabetes-journey; type-2-diabetes","Diabetes; Fasting; health; Intermittent Fasting; The Diabetes Code; weight-loss","true","https://lessoflee.wordpress.com/2022/03/20/march-22-5-day-fast-begins/","../src/content/blog/2022-03-20-march-22-5-day-fast-begins.md"
"2022-03-21-thank-you-8211-dear-stranger-on-the-internet","2022-03-21","Thank You – Dear Stranger on the Internet","221","It’s too late for me…but maybe this message will reach you in time.","a1c-labs; health-identity; nsv; reversing-type-2-diabetes-journey; type-2-diabetes","Diabetes; health; weight-loss","true","https://lessoflee.wordpress.com/2022/03/21/thank-you-dear-stranger-on-the-internet/","../src/content/blog/2022-03-21-thank-you-8211-dear-stranger-on-the-internet.md"
"2022-03-22-sleep-progress","2022-03-22","Sleep Progress","137","Best sleep last night. 8 Hours of sleep, 3.26 hours of deep sleep and heart rate at 59.","a1c-labs; capability-recovery; exercise; reversing-type-2-diabetes-journey","health; sleep","true","https://lessoflee.wordpress.com/2022/03/22/sleep-progress/","../src/content/blog/2022-03-22-sleep-progress.md"
"2022-03-22-can-i-do-this-forever","2022-03-23","Can I Do This Forever?","537","I’ve been asked if I plan to feast and fast the rest of my life. It’s a good question. It gets to the heart of sustainability. While it’s great to lose weight, if you can’t keep on doing...","a1c-labs; exercise; fasting; feasting; mindset; reversing-type-2-diabetes-journey; type-2-diabetes","Diabetes; diet; exercise; Fasting; fitness; health; healthy-living; Intermittent Fasting; low-carb; NSNG; The Diabetes Code; weight-loss","true","https://lessoflee.wordpress.com/2022/03/22/can-i-do-this-forever/","../src/content/blog/2022-03-22-can-i-do-this-forever.md"
"2022-03-23-education--062-action--062-persistence--062-improv","2022-03-23","Education -> action -> persistence -> improvement","141","Last night – sleep not so good. I share this, not because I think my daily sleep results are of much interest.","a1c-labs; mindset; reversing-type-2-diabetes-journey; type-2-diabetes","Diabetes; fitness; health; healthy-living; mindset; sleep; weight-loss","true","https://lessoflee.wordpress.com/2022/03/23/education-action-persistence-improvement/","../src/content/blog/2022-03-23-education--062-action--062-persistence--062-improv.md"
"2022-03-24-diabetes-is-not-forever-8211-but-carb-sensitivity","2022-03-24","Diabetes is not forever – but carb sensitivity is","513","How to grapple with the reality that diabetes need not be permanent?","a1c-labs; food-addiction; health-identity; reversing-type-2-diabetes-journey; type-2-diabetes","Diabetes; health; healthy-living","true","https://lessoflee.wordpress.com/2022/03/24/diabetes-is-not-forever-but-carb-sensitivity-is/","../src/content/blog/2022-03-24-diabetes-is-not-forever-8211-but-carb-sensitivity.md"
"2022-03-25-march-2022-5-day-fast","2022-03-25","March 2022 5 Day Fast","547","Well…first…it became a 4.5 day fast. This fast was difficult. For whatever reason, I was hungry and wanted to quit every day. Mostly of the “cravings type” of hunger. Last night was really difficult. I was driving somewhere...","exercise; fasting; feasting; reversing-type-2-diabetes-journey; type-2-diabetes","Diabetes; Fasting; health; Intermittent Fasting; weight-loss","true","https://lessoflee.wordpress.com/2022/03/25/march-2022-5-day-fast/","../src/content/blog/2022-03-25-march-2022-5-day-fast.md"
"2022-03-25-mindset-cheat-meals-are-a-transitional-tool","2022-03-25","Mindset: Cheat Meals are a Transitional Tool","301","We all know the cheat meal. “Eat good” all week and allow yourself one meal a week to “cheat on your diet”.","a1c-labs; family-responsibility; feasting; mindset; reversing-type-2-diabetes-journey; type-2-diabetes","Diabetes; diet; health; low-carb; mindset; NSNG; weight-loss","true","https://lessoflee.wordpress.com/2022/03/25/mindset-cheat-meals-are-a-transitional-tool/","../src/content/blog/2022-03-25-mindset-cheat-meals-are-a-transitional-tool.md"
"2022-03-26-nsv-8211-new-jeans","2022-03-26","NSV – New Jeans","19","NSV – with 8” gone from my waist – time for new jeans. Haven’t worn 40” waist in many years.","fasting; nsv; reversing-type-2-diabetes-journey","diet; fitness; healthy-living; Intermittent Fasting; NSNG; NSV; weight-loss","true","https://lessoflee.wordpress.com/2022/03/26/nsv-new-jeans/","../src/content/blog/2022-03-26-nsv-8211-new-jeans.md"
"2022-03-26-fasting-for-mental-clarity","2022-03-27","Fasting for Mental Clarity","75","I’m not going to say my extra mental alertness from my 5 day fast was the reason….but I solved the Cracker Barrel puzzle for the first time today.","family-responsibility; fasting; mindset; reversing-type-2-diabetes-journey","Fasting; healthy-living; Intermittent Fasting; mental health","true","https://lessoflee.wordpress.com/2022/03/26/fasting-for-mental-clarity/","../src/content/blog/2022-03-26-fasting-for-mental-clarity.md"
"2022-03-29-mindset-stop-micromanaging-numbers","2022-03-29","Mindset: Stop Micromanaging Numbers","527","I see this a lot. New diabetics…or newly energized to do something about it diabetics…obsessing over every blood sugar reading. The problem isn’t “being concerned”, the problem is the focus is wrong which leads to wrong analysis which...","a1c-labs; exercise; food-addiction; mindset; reversing-type-2-diabetes-journey; type-2-diabetes","Diabetes; health; mindset; weight-loss","true","https://lessoflee.wordpress.com/2022/03/29/mindset-stop-micromanaging-numbers/","../src/content/blog/2022-03-29-mindset-stop-micromanaging-numbers.md"
"2022-03-30-mindset-look-at-the-whole-not-only-the-problematic","2022-03-30","Mindset: Look at the Whole, Not Only The Problematic","369","I have to admit, I’m frustrated. I’ve been expecting my blood pressure and triglycerides to improve greatly. Neither one has. My prior experience with losing weight, and pretty much everything I’ve read – leads me to believe that...","a1c-labs; family-responsibility; feasting; mindset; reversing-type-2-diabetes-journey; type-2-diabetes","Diabetes; fitness; health; low-carb; mindset; weight-loss","true","https://lessoflee.wordpress.com/2022/03/30/551/","../src/content/blog/2022-03-30-mindset-look-at-the-whole-not-only-the-problematic.md"
"2022-03-31-cholesterol-improved","2022-03-31","Cholesterol Improved","220","Look at that gut…so much more work to do.","exercise; fasting; mindset; reversing-type-2-diabetes-journey; type-2-diabetes","Diabetes; fitness; health; healthy-living; Intermittent Fasting; NSNG; weight-loss","true","https://lessoflee.wordpress.com/2022/03/31/cholesterol-improved/","../src/content/blog/2022-03-31-cholesterol-improved.md"
"2022-04-01-genetics-or-negligence","2022-04-02","Genetics or Negligence?","488","Let’s talk genetics. Clearly genetics play a role in our lives as it relates to T2D and obesity. Growing up I used to tease my dad for his big gut. I was skinny and ate all kinds of...","a1c-labs; exercise; family-responsibility; fasting; reversing-type-2-diabetes-journey; type-2-diabetes","Diabetes; Fasting; fitness; health; healthy-living; NSNG; weight-loss","true","https://lessoflee.wordpress.com/2022/04/01/genetics-or-negligence/","../src/content/blog/2022-04-01-genetics-or-negligence.md"
"2022-04-04-why-i-exercise","2022-04-05","Why I Exercise","364","I work from home and “wiggling my fingers” is pretty much all the physical exertion my job requires. As such, I have to intentionally exercise or I’m sedentary.","a1c-labs; capability-recovery; exercise; health-identity; reversing-type-2-diabetes-journey; type-2-diabetes","Diabetes; exercise; fitness; health; healthy-living; NSNG; weight-loss","true","https://lessoflee.wordpress.com/2022/04/04/why-i-exercise/","../src/content/blog/2022-04-04-why-i-exercise.md"
"2022-04-05-the-feast-and-the-fast","2022-04-06","The Feast and The Fast","151","I feast and I fast. Two glorious meals a day followed by a time to let the body have rest from digestion, letting insulin levels fall, burning fat and healing insulin resistance.","a1c-labs; fasting; feasting; reversing-type-2-diabetes-journey; type-2-diabetes","Diabetes; diet; Fasting; health; healthy-living; Intermittent Fasting; Keto; low-carb; NSNG; vinnie-tortorich","true","https://lessoflee.wordpress.com/2022/04/05/the-feast-and-the-fast/","../src/content/blog/2022-04-05-the-feast-and-the-fast.md"
"2022-04-08-adopt-a-health-mindset-and-free-yourself-from-t2d","2022-04-08","Adopt a Health Mindset and Free Yourself from T2D","272","T2D need not be forever. Don’t listen to those trying to chain you to the disease mindset.","a1c-labs; health-identity; mindset; reversing-type-2-diabetes-journey; type-2-diabetes","Diabetes; health; healthy-living; mindset","true","https://lessoflee.wordpress.com/2022/04/08/adopt-a-health-mindset-and-free-yourself-from-t2d/","../src/content/blog/2022-04-08-adopt-a-health-mindset-and-free-yourself-from-t2d.md"
"2022-04-09-i-cantuntil-i-can-8211-complete-a-pros-only-level","2022-04-09","I can’t…until I can – Complete a ”Pros Only” level workout","216","When I started this latest journey to get healthy, one of my goals was to be able to exercise vigorously for an hour. I’ve hit the half hour mark. I couldn’t exercise vigorously at all at first.","exercise; mindset; reversing-type-2-diabetes-journey; type-2-diabetes","Diabetes; exercise; fitness; health; healthy-living; mindset; Supernatural; weight-loss","true","https://lessoflee.wordpress.com/2022/04/09/i-cantuntil-i-can-complete-a-pros-only-level-workout/","../src/content/blog/2022-04-09-i-cantuntil-i-can-8211-complete-a-pros-only-level.md"
"2022-04-11-first-day-of-new-job-8211-new-me","2022-04-11","First Day of New Job – New Me","143","Feels like the fist day of school – starting a new job today.","capability-recovery; health-identity; reversing-type-2-diabetes-journey; type-2-diabetes","Diabetes; health; healthy-living; weight-loss","true","https://lessoflee.wordpress.com/2022/04/11/first-day-of-new-job-new-me/","../src/content/blog/2022-04-11-first-day-of-new-job-8211-new-me.md"
"2022-04-13-whats-it-going-to-take","2022-04-13","What’s It Going to Take","278","Went to the John Ball Zoo this weekend. All hills and stairs. I sat down a few times but had little problem enjoying the outing with my wife’s family. Should have added “get to participate in life” to...","exercise; family-responsibility; fasting; food-addiction; mindset; reversing-type-2-diabetes-journey; type-2-diabetes","Diabetes; exercise; fitness; health; healthy-living; Intermittent Fasting; mindset; weight-loss","true","https://lessoflee.wordpress.com/2022/04/13/whats-it-going-to-take/","../src/content/blog/2022-04-13-whats-it-going-to-take.md"
"2022-04-15-if-you-could-only-see","2022-04-16","If You Could Only See","292","If you could know the joy of walking across 8 lanes of traffic with no problem doing so in time for the light … when not so long ago it was difficult.","capability-recovery; exercise; failure-restart; fasting; mindset; reversing-type-2-diabetes-journey; type-2-diabetes","Diabetes; exercise; fitness; health; healthy-living; Intermittent Fasting; mindset; weight-loss","true","https://lessoflee.wordpress.com/2022/04/15/if-you-could-only-see/","../src/content/blog/2022-04-15-if-you-could-only-see.md"
"2022-04-16-take-charge-of-your-own-health","2022-04-16","Take Charge of Your Own Health","252","You should trust your doctor! OMG, if only that were as wise as it should be. But it isn’t.","a1c-labs; reversing-type-2-diabetes-journey; type-2-diabetes","Diabetes; health; healthy-living; Jason Fung; weight-loss","true","https://lessoflee.wordpress.com/2022/04/16/take-charge-of-your-own-health/","../src/content/blog/2022-04-16-take-charge-of-your-own-health.md"
"2022-04-19-the-one-year-blessing-of-diabetes","2022-04-19","The One Year Blessing of Diabetes","407","Diabetes is a blessing? Well, it’s been a year since I talked to the diabetes specialist and found my A1c was 11.2. That scared me into action. And the action definitely resulted in an abundance of health blessings.","a1c-labs; capability-recovery; exercise; failure-restart; fasting; feasting; nsv; reversing-type-2-diabetes-journey; type-2-diabetes","Diabetes; diet; exercise; Fasting; fitness; health; healthy-living; Intermittent Fasting; Jason Fung; Keto; low-carb; NSNG; The Diabetes Code; vinnie-tortorich; weight-loss","true","https://lessoflee.wordpress.com/2022/04/19/the-one-year-blessing-of-diabetes/","../src/content/blog/2022-04-19-the-one-year-blessing-of-diabetes.md"
"2022-04-20-what-does-healing-look-like","2022-04-21","What Does Healing Look Like?","350","There is a perennial debate over T2 Diabetes being cured/reversed/put in remission. I think the nut of it is the notion that “for diabetes to be cured, you’d get to eat all the highly processed carb laden foods...","food-addiction; mindset; reversing-type-2-diabetes-journey; type-2-diabetes","Diabetes; health; healthy-living; mindset","true","https://lessoflee.wordpress.com/2022/04/20/what-does-healing-look-like/","../src/content/blog/2022-04-20-what-does-healing-look-like.md"
"2022-04-23-fasting-muscles","2022-04-23","Fasting Muscles","140","Ten years ago I had my fist health transformation and lost 80lbs. I started running 5ks. At first I couldn’t walk a half hour. But walked and walked and kept extending the time until I was walking 90...","capability-recovery; exercise; fasting; mindset; reversing-type-2-diabetes-journey","Fasting; fitness; health; Intermittent Fasting; mindset; weight-loss","true","https://lessoflee.wordpress.com/2022/04/23/fasting-muscles/","../src/content/blog/2022-04-23-fasting-muscles.md"
"2022-04-23-rolling-with-the-punches","2022-04-23","Rolling With The Punches","371","Everything doesn’t go as planned. And you don’t make the perfect choice all the time. I certainly don’t. So, here was my yesterday.","a1c-labs; family-responsibility; fasting; mindset; reversing-type-2-diabetes-journey; type-2-diabetes","Diabetes; Fasting; health; healthy-living; Intermittent Fasting; mindset; weight-loss","true","https://lessoflee.wordpress.com/2022/04/23/rolling-with-the-punches/","../src/content/blog/2022-04-23-rolling-with-the-punches.md"
"2022-04-24-spring-has-sprung-8211-doing-the-daily-work","2022-04-24","Spring Has Sprung – Doing The Daily Work","231","A glorious spring day. Started with a walk…jammin to tunes and effortlessly keeping a 17-20 min walking pace. Normally my pace is in the 24-28 min range.","a1c-labs; capability-recovery; fasting; mindset; reversing-type-2-diabetes-journey; type-2-diabetes","Diabetes; Fasting; fitness; health; healthy-living; Intermittent Fasting; mindset; NSNG; weight-loss","true","https://lessoflee.wordpress.com/2022/04/24/spring-has-sprung-doing-the-daily-work/","../src/content/blog/2022-04-24-spring-has-sprung-8211-doing-the-daily-work.md"
"2022-04-30-i-treated-myself-to-bad-food","2022-04-30","I Treated Myself to Bad Food","331","I treated myself yesterday. I don’t call them cheat meals as I’m a grown man and can eat what I want. And suffer the consequences too.","a1c-labs; exercise; failure-restart; fasting; feasting; food-addiction; reversing-type-2-diabetes-journey; type-2-diabetes","Diabetes; diet; exercise; Fasting; health; healthy-living; Intermittent Fasting; low-carb; NSNG","true","https://lessoflee.wordpress.com/2022/04/30/i-treated-myself-to-bad-food/","../src/content/blog/2022-04-30-i-treated-myself-to-bad-food.md"
"2022-04-30-mindset-doing-as-much-as-needed","2022-05-01","Mindset: Doing as Much as Needed","394","You do what you have to do. I fast as much as —I— need to do to make progress in my health.","a1c-labs; exercise; fasting; feasting; food-addiction; mindset; reversing-type-2-diabetes-journey; type-2-diabetes","Diabetes; diet; exercise; Fasting; fitness; health; healthy-living; Intermittent Fasting; low-carb; mindset; weight-loss","true","https://lessoflee.wordpress.com/2022/04/30/doing-the-needful/","../src/content/blog/2022-04-30-mindset-doing-as-much-as-needed.md"
"2022-05-02-another-goal-achieved-8211-i-can-exercise-for-an-h","2022-05-02","Another Goal Achieved – I can exercise for an hour","179","I played VR table tennis for just shy of an hour yesterday. Then I remembered that I had set some goals in the beginning.","exercise; reversing-type-2-diabetes-journey; type-2-diabetes","Diabetes; exercise; fitness; health; healthy-living; weight-loss","true","https://lessoflee.wordpress.com/2022/05/02/another-goal-achieved-i-can-exercise-for-an-hour/","../src/content/blog/2022-05-02-another-goal-achieved-8211-i-can-exercise-for-an-h.md"
"2022-05-02-sleep-progress","2022-05-02","Sleep Progress","229","Three nights in a row of relatively good sleep. Good sleep is vital to health, and I’m not a good sleeper.","exercise; failure-restart; humor-voice; reversing-type-2-diabetes-journey","health; sleep","true","https://lessoflee.wordpress.com/2022/05/02/sleep-progress-2/","../src/content/blog/2022-05-02-sleep-progress.md"
"2022-05-07-how-to-put-a-meal-together","2022-05-07","How to Put a Meal Together","258","That's pretty much how all of my meals are put together. Meat, fish and non-starchy veggies. You can't start with ""I love lasagna, can I eat lasagna as a diabetic""? Seriously. Just stop. I mean, yes, there are...","feasting; reversing-type-2-diabetes-journey; type-2-diabetes","diet; health","true","https://lessoflee.wordpress.com/2022/05/07/how-to-put-a-meal-together/","../src/content/blog/2022-05-07-how-to-put-a-meal-together.md"
"2022-05-08-no-longer-sedentary","2022-05-08","No Longer Sedentary","192","Had a great active day. I’m no longer sedentary. doing things I simply could not do a year ago. Went for a nice brisk hour long, 3 mile walk with my lovely wife. “Walking” was what I had...","capability-recovery; exercise; health-identity; reversing-type-2-diabetes-journey","exercise; fitness; health; healthy-living; Supernatural; weight-loss","true","https://lessoflee.wordpress.com/2022/05/08/no-longer-sedentary/","../src/content/blog/2022-05-08-no-longer-sedentary.md"
"2022-05-11-i-cantuntil-i-can-go-off-roading","2022-05-12","I can’t…until I can: Go Off Roading","136","I’m not talking about driving a Jeep, or riding a motor cross bike. Nope, I’m celebrating my reclaimed ability to walk across grass.","capability-recovery; exercise; family-responsibility; mindset; nsv; reversing-type-2-diabetes-journey","exercise; fitness; health; mindset; NSV","true","https://lessoflee.wordpress.com/2022/05/11/i-cantuntil-i-can-go-off-roading/","../src/content/blog/2022-05-11-i-cantuntil-i-can-go-off-roading.md"
"2022-05-14-the-stall","2022-05-14","The Stall","389","It’s official, I’m in a stall. Weight loss isn’t even a stall until it’s lasted 3 months.","a1c-labs; exercise; family-responsibility; fasting; feasting; reversing-type-2-diabetes-journey; type-2-diabetes","Diabetes; fitness; health; stall; weight-loss","true","https://lessoflee.wordpress.com/2022/05/14/the-stall/","../src/content/blog/2022-05-14-the-stall.md"
"2022-05-17-the-muscles-are-coming","2022-05-17","The Muscles Are Coming!","84","Barely visible through the fat – true. But I can see the beginning of the appearance of the bicep, some definition in the shoulder, some neck muscles and my calves are beginning to pop.","a1c-labs; exercise; reversing-type-2-diabetes-journey; type-2-diabetes","Diabetes; exercise; fitness; health; healthy-living; weight-loss","true","https://lessoflee.wordpress.com/2022/05/17/the-muscles-are-coming/","../src/content/blog/2022-05-17-the-muscles-are-coming.md"
"2022-05-17-the-stall-and-the-belly-lift","2022-05-18","The Stall and the Belly Lift","493","Everyone who’s quite obese wants to lose weight. We know the scale lies…but d@ n it – we still want to see that number go down as the months go by if not the days.","exercise; fasting; mindset; nsv; reversing-type-2-diabetes-journey; type-2-diabetes","Diabetes; exercise; fitness; health; healthy-living; weight-loss","true","https://lessoflee.wordpress.com/2022/05/17/the-stall-and-the-belly-lift/","../src/content/blog/2022-05-17-the-stall-and-the-belly-lift.md"
"2022-05-25-wet-doesnt-kill-you-8211-neither-does-hunger","2022-05-25","Wet doesn’t kill you – neither does hunger","222","Tried to get a morning walk in before the rain – nope, got rained on.","fasting; reversing-type-2-diabetes-journey; type-2-diabetes","Diabetes; Fasting; health; Intermittent Fasting; weight-loss","true","https://lessoflee.wordpress.com/2022/05/25/wet-doesnt-kill-you-neither-does-hunger/","../src/content/blog/2022-05-25-wet-doesnt-kill-you-8211-neither-does-hunger.md"
"2022-05-26-kittyawk-8211-we-have-liftoff","2022-05-26","Kittyawk – We Have Liftoff","338","It’s morning of day 5 of this month’s extended fast. I went out for a nice early morning walk. Feeling energetic. Put on my old running playlist and I was booking it. Fast walking – arms pumping, butt...","capability-recovery; exercise; failure-restart; fasting; reversing-type-2-diabetes-journey; type-2-diabetes","Diabetes; exercise; Fasting; fitness; health; Intermittent Fasting; weight-loss","true","https://lessoflee.wordpress.com/2022/05/26/kittyawk-we-have-liftoff/","../src/content/blog/2022-05-26-kittyawk-8211-we-have-liftoff.md"
"2022-05-27-thoughts-on-supplements-1-8211-supplements-are-sup","2022-05-27","Thoughts on Supplements 1 – Supplements are Supplemental","297","I’ve been reticent to share too much regarding the specifics of the supplements I take. I take a lot – I’m a bit of a supplement junkie. However, I have little confidence that I’m doing more than just...","a1c-labs; capability-recovery; exercise; mindset; reversing-type-2-diabetes-journey; type-2-diabetes","health; supplements","true","https://lessoflee.wordpress.com/2022/05/27/thoughts-on-supplements-1-supplements-are-supplemental/","../src/content/blog/2022-05-27-thoughts-on-supplements-1-8211-supplements-are-sup.md"
"2022-05-30-nsv-8211-living-life-is-the-reward","2022-05-30","NSV – Living life is the Reward","116","Visited my wife’s family over the weekend. They live in a lovely area in Michigan. We went hiking through woods, up and down hills and over sand dunes.","capability-recovery; family-responsibility; nsv; reversing-type-2-diabetes-journey; type-2-diabetes","health; NSV","true","https://lessoflee.wordpress.com/2022/05/30/nsv-living-life-is-the-reward/","../src/content/blog/2022-05-30-nsv-8211-living-life-is-the-reward.md"
"2022-05-30-thoughts-on-supplements-2-8211-supplying-what-is-m","2022-05-31","Thoughts on Supplements 2 – Supplying What is Missing or Deficient","385","In a perfect world where you ate a perfect diet filled with perfect food, you would have all the nutrients, all the vitamins, and all the minerals that your body needs for perfect health.","food-addiction; reversing-type-2-diabetes-journey","health; supplements; weight-loss","true","https://lessoflee.wordpress.com/2022/05/30/658/","../src/content/blog/2022-05-30-thoughts-on-supplements-2-8211-supplying-what-is-m.md"
"2022-06-01-my-30-day-carnivore-experiment","2022-06-01","My 30 Day Carnivore Experiment","387","There are lots of ways to deal with a stall. Among the many options, I am embarking on a 30 day carnivore diet. A month of eating meat/fish and eggs. Some folks go a lot more strict than...","capability-recovery; fasting; feasting; health-identity; reversing-type-2-diabetes-journey; type-2-diabetes","carnivore; diet; health","true","https://lessoflee.wordpress.com/2022/06/01/my-30-day-carnivore-experiment/","../src/content/blog/2022-06-01-my-30-day-carnivore-experiment.md"
"2022-06-03-day-3-of-the-carnivore-experiment","2022-06-04","Day 3 of the Carnivore experiment.","280","Breakfast was eggs and bacon after an 18 hr fast. Dinner was a nice NY strip steak. I also had a brat (not photographed). In between I snacked on pork rinds and Vienna sausages.","capability-recovery; feasting; food-addiction; reversing-type-2-diabetes-journey; type-2-diabetes","carnivore; Diabetes; health; weight-loss","true","https://lessoflee.wordpress.com/2022/06/03/664/","../src/content/blog/2022-06-03-day-3-of-the-carnivore-experiment.md"
"2022-06-04-crouching-jogger-hidden-dragon","2022-06-04","Crouching Jogger, Hidden Dragon","569","I can’t until I can…jog/walk a 5k. Actually, I went 4 miles this morning. I’m so excited that I am actually jogging. It’s this really stupid looking “crouch jog” which is all I can do with the current...","capability-recovery; exercise; humor-voice; reversing-type-2-diabetes-journey","fitness; health; weight-loss","true","https://lessoflee.wordpress.com/2022/06/04/crouching-jogger-hidden-dragon/","../src/content/blog/2022-06-04-crouching-jogger-hidden-dragon.md"
"2022-06-04-day-4-of-carnivore","2022-06-04","Day 4 of Carnivore","121","Breakfast was eggs and bacon. Some snacks of Vienna sausages and meat sticks.","fasting; feasting; food-addiction; reversing-type-2-diabetes-journey","","true","https://lessoflee.wordpress.com/2022/06/04/day-4-of-carnivore/","../src/content/blog/2022-06-04-day-4-of-carnivore.md"
"2022-06-04-walking-isnt-exercise","2022-06-04","Walking Isn’t Exercise","425","Hear me out, this isn’t a post critical of walking. I love my walks. I try to get in a walk or two every day. However, exercise should have one or both of the following: elevates your heart...","a1c-labs; capability-recovery; exercise; mindset; reversing-type-2-diabetes-journey; type-2-diabetes","exercise; health; jogging; walking","true","https://lessoflee.wordpress.com/2022/06/04/walking-isnt-exercise/","../src/content/blog/2022-06-04-walking-isnt-exercise.md"
"2022-06-05-my-health-transformation","2022-06-05","My Health Transformation","622","June is Men's Health Month and thought I’d share about my health transformation over the past year.","a1c-labs; capability-recovery; exercise; family-responsibility; feasting; mindset; reversing-type-2-diabetes-journey; type-2-diabetes","Diabetes; diet; exercise; fitness; health; healthy-living; low-carb; mindset; weight-loss","true","https://lessoflee.wordpress.com/2022/06/05/my-health-transformation/","../src/content/blog/2022-06-05-my-health-transformation.md"
"2022-06-05-carnivore-day-5","2022-06-06","Carnivore day 5","194","What do you call a failed omelette? Scrambled eggs. My taco hamburger omelette didn’t go quite as planned – still tasted good. Because we ate dinner early to go to the concert the night before, the fast was...","fasting; feasting; reversing-type-2-diabetes-journey","carnivore; health; low-carb; weight-loss","true","https://lessoflee.wordpress.com/2022/06/05/carnivore-day-5/","../src/content/blog/2022-06-05-carnivore-day-5.md"
"2022-06-05-nsv-8211-rockin8217-it-all-night","2022-06-06","NSV – Rockin’ It All Night","158","My wife and I went to the Styx, REO Speedwagon and Loverboy concert. It’s fantastic being able to enjoy life. The show was over 4 hours and standing at least half of the time.","exercise; fasting; feasting; mindset; nsv; reversing-type-2-diabetes-journey; type-2-diabetes","Diabetes; exercise; fitness; health; healthy-living; mindset; NSV; weight-loss","false","https://lessoflee.wordpress.com/2022/06/05/nsv-rockin-it-all-night/","../src/content/blog/2022-06-05-nsv-8211-rockin8217-it-all-night.md"
"2022-06-06-how-i-did-it","2022-06-06","How I Did It","126","The Diabetes Code by Dr Jason Fung was the book that taught me how to reverse type 2 diabetes.","a1c-labs; exercise; fasting; feasting; mindset; reversing-type-2-diabetes-journey; type-2-diabetes","Diabetes; diet; exercise; Fasting; fitness; health; healthy-living; Intermittent Fasting; low-carb; mindset; NSNG; weight-loss","true","https://lessoflee.wordpress.com/2022/06/06/how-i-did-it/","../src/content/blog/2022-06-06-how-i-did-it.md"
"2022-06-06-day-6-carnivore","2022-06-07","Day 6 Carnivore","261","It’s day six and all is well. I did my strength training and played VR ping pong. My heart rate definitely got up.","a1c-labs; exercise; fasting; feasting; food-addiction; reversing-type-2-diabetes-journey; type-2-diabetes","carnivore; Diabetes; health; weight-loss","true","https://lessoflee.wordpress.com/2022/06/06/day-6-carnivore/","../src/content/blog/2022-06-06-day-6-carnivore.md"
"2022-06-07-1st-week-of-carnivore","2022-06-07","1st Week of Carnivore","729","7 days down, 23 more to go. I didn’t want to do carnivore. I’ve been hearing about it on support groups, watching YouTube videos. I bought a couple books. But I didn’t want to do it myself.","a1c-labs; exercise; fasting; feasting; food-addiction; reversing-type-2-diabetes-journey; type-2-diabetes","carnivore; Diabetes; health; low-carb; weight-loss","true","https://lessoflee.wordpress.com/2022/06/07/1st-week-of-carnivore/","../src/content/blog/2022-06-07-1st-week-of-carnivore.md"
"2022-06-08-day-8-of-carnivore-and-all-is-well","2022-06-08","Day 8 of Carnivore and all is well.","137","After an 18hr fast, breakfast was eggs and cheese and sausage and some Vienna sausages.","a1c-labs; exercise; feasting; reversing-type-2-diabetes-journey; type-2-diabetes","carnivore; Diabetes; fitness; health; weight-loss","true","https://lessoflee.wordpress.com/2022/06/08/day-8-of-carnivore-and-all-is-well/","../src/content/blog/2022-06-08-day-8-of-carnivore-and-all-is-well.md"
"2022-06-08-living-rent-free-in-my-head","2022-06-08","Living Rent Free In My Head","443","“If you can jog, you must not have had osteoarthritis very bad”.","a1c-labs; capability-recovery; exercise; health-identity; mindset; reversing-type-2-diabetes-journey; type-2-diabetes","Diabetes; exercise; fitness; health; mindset; weight-loss","true","https://lessoflee.wordpress.com/2022/06/08/706/","../src/content/blog/2022-06-08-living-rent-free-in-my-head.md"
"2022-06-09-constipation-vs-not-needing-to-poop-8211-carnivore","2022-06-09","Constipation vs Not Needing to Poop – Carnivore Day 9","241","Today was the first time I experienced a bit of constipation. I pooped daily the first 5 days, didn’t poop days 6 and 7, pooped day 8 – but day 9 is the first time I felt a...","exercise; feasting; mindset; reversing-type-2-diabetes-journey; type-2-diabetes","car I vore; health","true","https://lessoflee.wordpress.com/2022/06/09/constipation-vs-not-needing-to-poop-carnivore-day-9/","../src/content/blog/2022-06-09-constipation-vs-not-needing-to-poop-8211-carnivore.md"
"2022-06-09-less-unhealthy","2022-06-09","Less Unhealthy","287","Look at the photo. That is a morbidly obese man on the way to having a heart attack or any of a number of other dire health consequences.","health-identity; mindset; reversing-type-2-diabetes-journey","health; mindset; weight-loss","true","https://lessoflee.wordpress.com/2022/06/09/712/","../src/content/blog/2022-06-09-less-unhealthy.md"
"2022-06-10-its-smmokinnnn-carnivore-day-10","2022-06-10","It’s Smmokinnnn! Carnivore Day 10","277","Today was the obligatory steak and eggs breakfast. My grill is on the fritz and my daughter has a puzzle spread out on my pan-searing table in the garage. Then my Sous Vide stick stopped working and so...","family-responsibility; feasting; mindset; reversing-type-2-diabetes-journey","carnivore; health; weight-loss","true","https://lessoflee.wordpress.com/2022/06/10/its-smmokinnnn-carnivore-day-10/","../src/content/blog/2022-06-10-its-smmokinnnn-carnivore-day-10.md"
"2022-06-11-thoughts-on-supplements-3-8211-beware-the-snake-oi","2022-06-11","Thoughts on Supplements 3 – Beware the Snake Oil","368","The supplement industry isn’t regulated. Absolutely anything and everything can be promoted as a supplement. It’s ripe for and rife with…fraud.","reversing-type-2-diabetes-journey","health; supplements","true","https://lessoflee.wordpress.com/2022/06/11/thoughts-on-supplements-3-beware-the-snake-oil/","../src/content/blog/2022-06-11-thoughts-on-supplements-3-8211-beware-the-snake-oi.md"
"2022-06-12-what-vitality-brings-to-a-sunday","2022-06-12","What Vitality Brings to a Sunday","505","Today has been a good day enjoying improved health. It started with a nice 5k walk early in the morning. The sun was not not very high, nice and cool with just a hint of fog as I...","capability-recovery; exercise; failure-restart; feasting; mindset; reversing-type-2-diabetes-journey; type-2-diabetes","Diabetes; fitness; health; healthy-living; weight-loss","true","https://lessoflee.wordpress.com/2022/06/12/733/","../src/content/blog/2022-06-12-what-vitality-brings-to-a-sunday.md"
"2022-06-15-halfway-through-the-month-of-carnivore","2022-06-15","Halfway Through the Month of Carnivore","400","It’s day 15. Have not developed scurvy or rickets. I have lost 11.6lbs. For the last few days the weight has gone up and down a few pounds. That’s a good thing, it means I’m past the initial...","fasting; feasting; nsv; reversing-type-2-diabetes-journey","carnivore; health","true","https://lessoflee.wordpress.com/2022/06/15/halfway-through-the-month-of-carnivore/","../src/content/blog/2022-06-15-halfway-through-the-month-of-carnivore.md"
"2022-06-16-balanced-diet-for-exercise","2022-06-16","Balanced “Diet” for Exercise","723","I really stepped in it the other day when I declared “walking isn’t exercise”. I have learned that saying “now hear me out” and my reasoning that followed could not overcome the initial shock declaration. So, I have...","a1c-labs; capability-recovery; exercise; mindset; reversing-type-2-diabetes-journey; type-2-diabetes","Diabetes; exercise; fitness; health; healthy-living; mindset; Supernatural","true","https://lessoflee.wordpress.com/2022/06/16/balanced-diet-for-exercise/","../src/content/blog/2022-06-16-balanced-diet-for-exercise.md"
"2022-06-17-lets-talk-about-sleep","2022-06-17","Let’s Talk About Sleep","369","Last night was a bad sleep night for me and came after three terrific (for me) nights in a row. However, it’s no mystery.","a1c-labs; exercise; failure-restart; fasting; humor-voice; reversing-type-2-diabetes-journey; type-2-diabetes","health; sleep","true","https://lessoflee.wordpress.com/2022/06/17/lets-talk-about-sleep/","../src/content/blog/2022-06-17-lets-talk-about-sleep.md"
"2022-06-18-i-cant-until-i-can-run","2022-06-18","I Can’t Until I Can: Run!","270","That’s right, I’m running! I’ve been working on my awkward “crouch jogging”. Think of it as an accommodation. A way of allowing an exercise you wouldn’t normally be able to perform but modify it and you can. Like...","capability-recovery; exercise; mindset; reversing-type-2-diabetes-journey","exercise; fitness; mindset","true","https://lessoflee.wordpress.com/2022/06/18/i-cant-until-i-can-run/","../src/content/blog/2022-06-18-i-cant-until-i-can-run.md"
"2022-06-20-arthritis-doesnt-have-to-be-cured","2022-06-21","Arthritis Doesn’t Have to be Cured","503","Arthritis doesn’t have to be cured for your life as someone who has osteoarthritis to greatly improve.","capability-recovery; exercise; fasting; health-identity; reversing-type-2-diabetes-journey; type-2-diabetes","","true","https://lessoflee.wordpress.com/2022/06/20/arthritis-doesnt-have-to-be-cured/","../src/content/blog/2022-06-20-arthritis-doesnt-have-to-be-cured.md"
"2022-06-21-meet-your-mrms-right","2022-06-21","Meet Your Mr/Ms Right","125","""It's not your fault – diabetes is genetic"" – my doctor. A year or so ago.","a1c-labs; reversing-type-2-diabetes-journey; type-2-diabetes","","true","https://lessoflee.wordpress.com/2022/06/21/meet-your-mr-ms-right/","../src/content/blog/2022-06-21-meet-your-mrms-right.md"
"2022-06-21-prepping-for-junes-fast","2022-06-22","Prepping for June’s Fast","361","Tomorrow I start my monthly 5 day fast. I went back over the last 5 months of my stall.","a1c-labs; fasting; feasting; food-addiction; reversing-type-2-diabetes-journey; type-2-diabetes","Fasting; health; Intermittent Fasting; The Diabetes Code; weight-loss","true","https://lessoflee.wordpress.com/2022/06/21/prepping-for-junes-fast/","../src/content/blog/2022-06-21-prepping-for-junes-fast.md"
"2022-06-22-june-2022-5-day-fast-begins","2022-06-23","June 2022 5 Day Fast Begins","92","Fuel for the next 5 days. Kidding….my fat stores are plentiful and will carry me through.","fasting; reversing-type-2-diabetes-journey; type-2-diabetes","Diabetes; Fasting; health; weight-loss","true","https://lessoflee.wordpress.com/2022/06/22/june-2022-5-day-fast-begins/","../src/content/blog/2022-06-22-june-2022-5-day-fast-begins.md"
"2022-06-23-im-eating-my-own-fat","2022-06-23","I’m Eating My Own Fat","269","It’s morning of the first day of my 5 day fast for June. I like to say, I’m not going without food – I’m eating my own fat. I’ve stored the fat away for a winter or famine...","fasting; feasting; reversing-type-2-diabetes-journey","Fasting; health; weight-loss","true","https://lessoflee.wordpress.com/2022/06/23/im-eating-my-own-fat/","../src/content/blog/2022-06-23-im-eating-my-own-fat.md"
"2022-06-25-burn-baby-burn","2022-06-25","Burn baby burn!","202","It’s morning of day 3 of June’s 5 day fast. 62 hours in and I’m halfway there. I was plenty hungry at times yesterday. Not “mad cravings” hungry but I certainly wanted to eat. I’m so glad I...","a1c-labs; capability-recovery; exercise; fasting; reversing-type-2-diabetes-journey; type-2-diabetes","exercise; Fasting; health; healthy-living; weight-loss","true","https://lessoflee.wordpress.com/2022/06/25/burn-baby-burn/","../src/content/blog/2022-06-25-burn-baby-burn.md"
"2022-06-26-fire-du-du-du-du","2022-06-26","Fire du du du du","286","I’m drivin’ in my car…du du du du…I turn on the radio.","a1c-labs; family-responsibility; fasting; reversing-type-2-diabetes-journey; type-2-diabetes","Fasting; Intermittent Fasting","true","https://lessoflee.wordpress.com/2022/06/26/fire-du-du-du-du/","../src/content/blog/2022-06-26-fire-du-du-du-du.md"
"2022-06-27-summer-sale-on-curalin","2022-06-27","Summer Sale on Curalin","386","I’m always happy to introduce people to Curalin, even more so when they can save money.","a1c-labs; fasting; reversing-type-2-diabetes-journey; type-2-diabetes","","true","https://lessoflee.wordpress.com/2022/06/27/summer-sale-on-curalin/","../src/content/blog/2022-06-27-summer-sale-on-curalin.md"
"2022-06-28-there-is-20-less-of-lee","2022-06-28","There Is 20% Less of Lee","335","Hit a nice milestone. I have lost 20% of my starting weight of 336lbs. The scale isn’t everything, but it’s not nothing either","failure-restart; fasting; feasting; health-identity; reversing-type-2-diabetes-journey","Fasting; health","true","https://lessoflee.wordpress.com/2022/06/28/there-is-20-less-of-lee/","../src/content/blog/2022-06-28-there-is-20-less-of-lee.md"
"2022-06-28-how-much-how-far","2022-06-29","How Much? How Far?","200","These two come between: I can't until I can.","capability-recovery; mindset; nsv; reversing-type-2-diabetes-journey","mindset","true","https://lessoflee.wordpress.com/2022/06/28/how-much-how-far/","../src/content/blog/2022-06-28-how-much-how-far.md"
"2022-06-30-lesson-of-the-big-lever","2022-06-30","Lesson of the Big Lever","458","Archimedes said that if he had a lever long enough, he could move the world. I’m a believer in focusing on the big levers that can improve my health. I don’t sweat the small details unless/until I have...","a1c-labs; fasting; feasting; food-addiction; mindset; reversing-type-2-diabetes-journey; type-2-diabetes","carnivore; Diabetes; healthy-living; mindset","true","https://lessoflee.wordpress.com/2022/06/30/lesson-of-the-big-lever/","../src/content/blog/2022-06-30-lesson-of-the-big-lever.md"
"2022-06-30-free-weekly-motivational-newsletter-8211-former-di","2022-07-01","Free Weekly Motivational Newsletter – Former Diabetics Club","191","You all have willed it to be – Former Diabetics Club is coming alive. To start with – a free newsletter. Then a book. For now, I'm beginning with a free weekly (I hope) newsletter aimed at inspiring...","health-identity; mindset; reversing-type-2-diabetes-journey; type-2-diabetes","Diabetes; Former Diabetics Club; mindset","true","https://lessoflee.wordpress.com/2022/06/30/free-weekly-motivational-newsletter-former-diabetics-club/","../src/content/blog/2022-06-30-free-weekly-motivational-newsletter-8211-former-di.md"
"2022-07-01-im-normal","2022-07-01","I’m NORMAL!","109","Oh no! One month of carnivore and my triglycerides and HDL came into the normal range. My total cholesterol is normal and my LDL is just barely elevated.","a1c-labs; feasting; reversing-type-2-diabetes-journey; type-2-diabetes","carnivore; Diabetes","true","https://lessoflee.wordpress.com/2022/07/01/im-normal/","../src/content/blog/2022-07-01-im-normal.md"
"2022-07-02-nsv-8211-the-incredibly-shrinking-dad","2022-07-02","NSV – the incredibly shrinking dad","37","My youngest’s birthday – vs 3 years ago. Same shirt. Facebook brought the photo from 3 years ago as a memory. Then my daughter and I went out and recreated the photo after I found the shirt.","family-responsibility; nsv; reversing-type-2-diabetes-journey","NSV; weight-loss","true","https://lessoflee.wordpress.com/2022/07/02/nsv-the-incredibly-shrinking-dad/","../src/content/blog/2022-07-02-nsv-8211-the-incredibly-shrinking-dad.md"
"2022-07-03-the-easy-and-the-hard","2022-07-03","The Easy and the Hard","259","It’s been a year of transformation. The most important part was getting my blood sugar under control.","a1c-labs; exercise; health-identity; mindset; reversing-type-2-diabetes-journey; type-2-diabetes","Curalin; Diabetes","true","https://lessoflee.wordpress.com/2022/07/03/the-easy-and-the-hard/","../src/content/blog/2022-07-03-the-easy-and-the-hard.md"
"2022-07-04-i-cantuntil-i-can-8211-play-badminton","2022-07-05","I can’t….until I can – play badminton","88","The recovery of abilities, the growing of my small world – continues. I have gone from not being able to walk across the yard, to playing badminton.","capability-recovery; family-responsibility; mindset; reversing-type-2-diabetes-journey","arthritis; health; mindset","true","https://lessoflee.wordpress.com/2022/07/04/i-cant-until-i-can-play-badminton/","../src/content/blog/2022-07-04-i-cantuntil-i-can-8211-play-badminton.md"
"2022-07-06-my-body-told-me-eat-meat","2022-07-07","My Body Told Me: Eat Meat","364","Tis true. Beef is filled with vitamins. ""Beef contains several essential nutrients including protein, iron, zinc, selenium, riboflavin, niacin, vitamin B6, vitamin B12, phosphorus, pantothenate, magnesium, and potassium.""","a1c-labs; feasting; food-addiction; humor-voice; reversing-type-2-diabetes-journey; type-2-diabetes","carnivore; diet","true","https://lessoflee.wordpress.com/2022/07/06/my-body-told-me-eat-meat/","../src/content/blog/2022-07-06-my-body-told-me-eat-meat.md"
"2022-07-06-nsv-the-great-train-escape","2022-07-07","NSV: The Great Train Escape","314","“You are on the local, we are going to make every stop between here and Chicago. The train behind us is the express”.","capability-recovery; health-identity; nsv; reversing-type-2-diabetes-journey","NSV","true","https://lessoflee.wordpress.com/2022/07/06/nsv-the-great-train-escape/","../src/content/blog/2022-07-06-nsv-the-great-train-escape.md"
"2022-07-08-carbs-vs-fat","2022-07-09","Carbs vs Fat","475","The Carnivore Code book and my month of trying a carnivore diet has transformed how I see food. In one month my weight loss stall was broken (lost 15lbs), and my HDL and Triglycerides came into the normal...","a1c-labs; fasting; feasting; food-addiction; mindset; reversing-type-2-diabetes-journey; type-2-diabetes","carnivore; diet","true","https://lessoflee.wordpress.com/2022/07/08/carbs-vs-fat/","../src/content/blog/2022-07-08-carbs-vs-fat.md"
"2022-07-09-a-tale-of-two-sleeps","2022-07-09","A Tale of Two Sleeps","183","Had a great sleep the night before and a bad sleep last night. Sleep is a vital component to health in general and to weight loss and type 2 diabetes specifically. I’ve been working on improving my sleep.","exercise; reversing-type-2-diabetes-journey; type-2-diabetes","Diabetes; health; sleep","true","https://lessoflee.wordpress.com/2022/07/09/a-tale-of-two-sleeps/","../src/content/blog/2022-07-09-a-tale-of-two-sleeps.md"
"2022-07-09-eggs-natures-multi-vitamin","2022-07-10","Eggs, natures multi-vitamin","58","Not just eggs – but a power packed multi-vitamin.","reversing-type-2-diabetes-journey","diet; nutrition","true","https://lessoflee.wordpress.com/2022/07/09/eggs-natures-multi-vitamin/","../src/content/blog/2022-07-09-eggs-natures-multi-vitamin.md"
"2022-07-10-all-the-health","2022-07-10","All the Health","294","Weight loss was fairly rapid at first then the 5 month stall and then resumption of the loss. Have to keep in mind it’s not a sprint but a life long journey.","exercise; health-identity; reversing-type-2-diabetes-journey; type-2-diabetes","","true","https://lessoflee.wordpress.com/2022/07/10/all-the-health/","../src/content/blog/2022-07-10-all-the-health.md"
"2022-07-11-victory-lap-at-the-doctors","2022-07-12","Victory Lap at the Doctors","247","A deconstructed Spam and cheese sandwhich. No bread. Started out thinking of a lettuce wrap, ended up more like a spam salad","a1c-labs; exercise; fasting; feasting; nsv; reversing-type-2-diabetes-journey; type-2-diabetes","carnivore; Diabetes; diet","true","https://lessoflee.wordpress.com/2022/07/11/victory-lap-at-the-doctors/","../src/content/blog/2022-07-11-victory-lap-at-the-doctors.md"
"2022-07-13-the-new-me-is-hard-but-worth-it","2022-07-13","The New Me Is Hard But Worth It","236","Regaining health is not easy. It’s a battle. But I’d rather battle to get healthy than battle sickness.","a1c-labs; capability-recovery; food-addiction; health-identity; humor-voice; mindset; reversing-type-2-diabetes-journey; type-2-diabetes","Diabetes; fitness; health; mindset; weight-loss","true","https://lessoflee.wordpress.com/2022/07/13/the-new-me-is-hard-but-worth-it/","../src/content/blog/2022-07-13-the-new-me-is-hard-but-worth-it.md"
"2022-07-16-post-carnivore-diet","2022-07-16","Post Carnivore Diet","93","Mostly meat, a few veggies for taste. My “post carnivore” way of eating continues.","feasting; reversing-type-2-diabetes-journey","carnivore; diet","true","https://lessoflee.wordpress.com/2022/07/16/post-carnivore-diet/","../src/content/blog/2022-07-16-post-carnivore-diet.md"
"2022-07-16-there-are-70lbs-less-of-lee","2022-07-16","There Are 70lbs Less of Lee","221","I hit this milestone in the middle of my fast last month. I don't count my low points that occur during my 5 day fasts.","capability-recovery; reversing-type-2-diabetes-journey","weight loss","true","https://lessoflee.wordpress.com/2022/07/16/there-are-70lbs-less-of-lee/","../src/content/blog/2022-07-16-there-are-70lbs-less-of-lee.md"
"2022-07-19-the-habit-of-extended-fasting","2022-07-19","The Habit of Extended Fasting","889","It’s that time of the month. For the eighth time, I’m doing a 5 day, water only fast. I’ve written before, and I’ll link at the end, of the health benefits. This post is more about “what’s it...","capability-recovery; exercise; failure-restart; family-responsibility; fasting; feasting; food-addiction; health-identity; reversing-type-2-diabetes-journey; type-2-diabetes","extended fasting; Fasting; health","true","https://lessoflee.wordpress.com/2022/07/19/the-habit-of-extended-fasting/","../src/content/blog/2022-07-19-the-habit-of-extended-fasting.md"
"2022-07-19-three-benches-8211-a-tale-of-belonging","2022-07-20","Three Benches – A Tale of Belonging","481","A story of progress told with three benches. Most of my journey back to health has been focused on healing from Type 2 diabetes. All along I’ve also been hamstrung by osteoarthritis. Exercise is such an important part...","capability-recovery; exercise; reversing-type-2-diabetes-journey; type-2-diabetes","Diabetes; fitness; health","true","https://lessoflee.wordpress.com/2022/07/19/three-benches-a-tale-of-belonging/","../src/content/blog/2022-07-19-three-benches-8211-a-tale-of-belonging.md"
"2022-07-20-one-year-free-of-diabetes-drugs","2022-07-20","One Year Free of Diabetes Drugs","402","Today marks the first anniversary of getting off of all diabetes meds: Metformin, Glipizide and Trulicity. It was the day I was scheduled to start insulin – but I'd turned my diet and lifestyle around and was free...","a1c-labs; failure-restart; health-identity; reversing-type-2-diabetes-journey; type-2-diabetes","Diabetes; health","true","https://lessoflee.wordpress.com/2022/07/20/one-year-free-of-diabetes-drugs/","../src/content/blog/2022-07-20-one-year-free-of-diabetes-drugs.md"
"2022-07-22-having-a-support-team-is-vital","2022-07-22","Having a Support Team is Vital","216","What a name for a facebook group...a mission...and a reality. Curalife (the company that sponsors and administers this group) has been heavily promoting their group in light of hitting the 100k member milestone. And they should be very...","feasting; reversing-type-2-diabetes-journey; type-2-diabetes","Diabetes; health; Type 2 Diabetes","false","https://lessoflee.wordpress.com/2022/07/22/having-a-support-team-is-vital/","../src/content/blog/2022-07-22-having-a-support-team-is-vital.md"
"2022-07-23-give-blood-8211-save-lives","2022-07-23","Give Blood – Save Lives","157","Did you know that giving blood lowers your A1c? It also happens to save lives but what is that compared to a minuscule benefit to oneself?","a1c-labs; nsv; reversing-type-2-diabetes-journey; type-2-diabetes","donate blood; NSV","true","https://lessoflee.wordpress.com/2022/07/23/give-blood-save-lives/","../src/content/blog/2022-07-23-give-blood-8211-save-lives.md"
"2022-07-26-air-fryer-pork-chops","2022-07-27","Air Fryer Pork Chops","141","Air fryer pork chop with roasted veggies, and a sliced avocado.","feasting; reversing-type-2-diabetes-journey","recipe","true","https://lessoflee.wordpress.com/2022/07/26/air-fryer-pork-chops/","../src/content/blog/2022-07-26-air-fryer-pork-chops.md"
"2022-07-26-you-cant-buy-health","2022-07-27","You Can’t Buy Health","621","There is a lottery in the USA right now where the jackpot has reached $850 million dollars. Wouldn’t it be great to win the lottery? Yes, I bought my ticket as I am want to do whenever the...","exercise; fasting; mindset; reversing-type-2-diabetes-journey","diet; exercise; health","true","https://lessoflee.wordpress.com/2022/07/26/you-cant-buy-health/","../src/content/blog/2022-07-26-you-cant-buy-health.md"
"2022-07-27-its-yellow-shirt-time","2022-07-28","It’s Yellow Shirt Time","185","Time to break out the unflattering shirt that shows all my fat (you don’t want to see the no-shirt version).","nsv; reversing-type-2-diabetes-journey","","true","https://lessoflee.wordpress.com/2022/07/27/its-yellow-shirt-time/","../src/content/blog/2022-07-27-its-yellow-shirt-time.md"
"2022-07-28-couples-cooking","2022-07-29","Couples Cooking","70","Couples cooking. I made breakfast. Brown a pound of hamburger, with sliced jalapeño and Serrano peppers. Added in some Eat Hapoy Kitchen putenesca sauce. Top with Parmesan, American cheese and a couple fried eggs.","feasting; reversing-type-2-diabetes-journey","recipe","true","https://lessoflee.wordpress.com/2022/07/28/couples-cooking/","../src/content/blog/2022-07-28-couples-cooking.md"
"2022-07-30-its-saturday-time-to-run","2022-07-30","It’s Saturday, Time to Run","492","Saturday morning and I’m up early for no reason. I’m tired and a bit achy – but it’s Saturday morning – and I go for a “run” on Saturday’s. I don’t think about it – I don’t worry...","capability-recovery; exercise; family-responsibility; mindset; reversing-type-2-diabetes-journey","exercise; health; mindset","true","https://lessoflee.wordpress.com/2022/07/30/its-saturday-time-to-run/","../src/content/blog/2022-07-30-its-saturday-time-to-run.md"
"2022-07-30-mens-wearhouse-8211-the-anti-nsv","2022-07-30","Mens Wearhouse – the anti NSV","280","The opposite of an NSV brought to you by the incompetent sales staff of Menswearhouse","family-responsibility; nsv; reversing-type-2-diabetes-journey","","true","https://lessoflee.wordpress.com/2022/07/30/884/","../src/content/blog/2022-07-30-mens-wearhouse-8211-the-anti-nsv.md"
"2022-08-01-former-diabetics-club","2022-08-01","Former Diabetics Club","89","We can become former diabetics. I don't buy into the ""diabetes is forever"" mindset. I am a former diabetic. I am off all diabetes pharmaceuticals and have been for a year.","feasting; health-identity; mindset; reversing-type-2-diabetes-journey; type-2-diabetes","Diabetes; Former Diabetics Club","true","https://lessoflee.wordpress.com/2022/08/01/former-diabetics-club/","../src/content/blog/2022-08-01-former-diabetics-club.md"
"2022-08-01-74lbs-less-of-lee","2022-08-02","74lbs Less of Lee","41","NSV (non-scale victory) – another box of clothes for Goodwill. Never to be that size again. Not sure how much the box of clothes weighs but it was heavy – probably not has heavy as the amount of...","nsv; reversing-type-2-diabetes-journey","health; weight-loss","true","https://lessoflee.wordpress.com/2022/08/01/74lbs-less-of-lee/","../src/content/blog/2022-08-01-74lbs-less-of-lee.md"
"2022-08-02-former-diabetics-club","2022-08-03","Former Diabetics Club","160","If you have a peanut allergy – you can get very sick and even die — if you eat peanuts.","food-addiction; health-identity; reversing-type-2-diabetes-journey; type-2-diabetes","Diabetes; Former Diabetics Club; health; Type 2 Diabetes","true","https://lessoflee.wordpress.com/2022/08/02/former-diabetics-club-2/","../src/content/blog/2022-08-02-former-diabetics-club.md"
"2022-08-04-forever-obese","2022-08-04","Forever Obese?","369","What happened to the guy who lost 80lbs and got fit? Clearly, as shown in this photo, he was still obese even though he'd lost all that weight and got fit. Because once obese – always obese. Isn't...","capability-recovery; health-identity; reversing-type-2-diabetes-journey; type-2-diabetes","Diabetes; Former Diabetics Club; obese; Type 2 Diabetes","true","https://lessoflee.wordpress.com/2022/08/04/forever-obese/","../src/content/blog/2022-08-04-forever-obese.md"
"2022-08-06-its-for-days-like-this","2022-08-06","It’s for Days Like This","168","Why work so hard? Why change your diet away from all your favorite foods? Why put in all the hours, days and months exercising?","exercise; family-responsibility; mindset; reversing-type-2-diabetes-journey; type-2-diabetes","Diabetes; exercise; fitness; health; healthy-living; mindset; weight-loss","true","https://lessoflee.wordpress.com/2022/08/06/its-for-days-like-this/","../src/content/blog/2022-08-06-its-for-days-like-this.md"
"2022-08-07-freedom-depends-on-you","2022-08-08","Freedom Depends on You","499","Freedom from Type 2 Diabetes. If you want to read a comprehensive analysis of the science on Remission/Reversal of Type 2 diabetes – here you go: https://www.ncbi.nlm.nih.gov/pmc/articles/PMC6520897/","a1c-labs; fasting; feasting; health-identity; reversing-type-2-diabetes-journey; type-2-diabetes","remission; reversal","true","https://lessoflee.wordpress.com/2022/08/07/freedom-depends-on-you/","../src/content/blog/2022-08-07-freedom-depends-on-you.md"
"2022-08-09-we-all-start-somewhere","2022-08-09","We All Start Somewhere","757","I am reluctant to accept the notion that I have become, in some ways, a role model. I know that I have become an advocate of hope in the reality that we can regain much of the health...","a1c-labs; capability-recovery; exercise; family-responsibility; feasting; health-identity; mindset; nsv; reversing-type-2-diabetes-journey; type-2-diabetes","Diabetes; exercise; fitness; health; Jason Fung; low-carb; mindset; sleep; The Diabetes Code; weight-loss","true","https://lessoflee.wordpress.com/2022/08/09/we-all-start-somewhere/","../src/content/blog/2022-08-09-we-all-start-somewhere.md"
"2022-08-10-i-have-elephant-butt","2022-08-10","I Have Elephant Butt","215","I have elephant butt – elephant buttitis – a heretofore unknown subset of NoAss-itol that I inherited from my mom.","exercise; reversing-type-2-diabetes-journey","weight-loss","true","https://lessoflee.wordpress.com/2022/08/10/i-have-elephant-butt/","../src/content/blog/2022-08-10-i-have-elephant-butt.md"
"2022-08-12-italian-sausage-in-alfredo-sauce","2022-08-12","Italian Sausage in Alfredo Sauce","114","Mmmm – delicious Italian sausage in Alfredo sauce with some jalapeño and Serrano peppers. Spicy!","feasting; reversing-type-2-diabetes-journey","recipe","true","https://lessoflee.wordpress.com/2022/08/12/italian-sausage-in-alfredo-sauce/","../src/content/blog/2022-08-12-italian-sausage-in-alfredo-sauce.md"
"2022-08-13-i-cantuntil-i-can-run-a-5k-with-intervals","2022-08-13","I Can’t…Until I Can:  Run a 5k With Intervals","463","I Can’t…Until I Can – I’ve made it a mantra, an ethos, a mindset. I’m reclaiming abilities that I’ve lost. More than a year ago I set my sight on regaining the ability to run a 5k. At...","capability-recovery; mindset; nsv; reversing-type-2-diabetes-journey","fitness; mindset; osteoarthritis","true","https://lessoflee.wordpress.com/2022/08/13/i-cantuntil-i-can-run-a-5k-with-intervals/","../src/content/blog/2022-08-13-i-cantuntil-i-can-run-a-5k-with-intervals.md"
"2022-08-20-nsv-8211-i-can-wear-my-wedding-ring","2022-08-20","NSV – I Can Wear My Wedding Ring","133","It’s been MANY years since I’ve worn my wedding ring. I fatted out of it – had it resized and fatted out of it again. So in the jewelry box it went. Years and years ago.","capability-recovery; nsv; reversing-type-2-diabetes-journey","fitness; health; NSV","true","https://lessoflee.wordpress.com/2022/08/20/nsv-i-can-wear-my-wedding-ring/","../src/content/blog/2022-08-20-nsv-8211-i-can-wear-my-wedding-ring.md"
"2022-08-27-i-cantuntil-i-can-run-a-mile","2022-08-27","I Can’t…Until I Can: Run a Mile","240","Today is Saturday. Saturdays I go run intervals. I was able to run a mile as my first interval. It wasn’t that long ago I couldn’t run at all. I set my sights on being able to run...","capability-recovery; exercise; fasting; health-identity; mindset; nsv; reversing-type-2-diabetes-journey; type-2-diabetes","exercise; fitness; health; mindset; NSV","true","https://lessoflee.wordpress.com/2022/08/27/i-cantuntil-i-can-run-a-mile/","../src/content/blog/2022-08-27-i-cantuntil-i-can-run-a-mile.md"
"2022-08-27-enjoying-a-late-summer-picnic","2022-08-28","Enjoying a Late Summer Picnic","41","Went on a picnic with my lovely wife. We made charcuterie trays. Summer sausage, salmon, dill Harvarti and cheddar cheeses, strawberries and blueberries, cucumber and tomato slices, jalapeño stuffed olives and humus with pork rinds. Quite a feast...","feasting; reversing-type-2-diabetes-journey","diet; low-carb; NSNG; recipe","true","https://lessoflee.wordpress.com/2022/08/27/enjoying-a-late-summer-picnic/","../src/content/blog/2022-08-27-enjoying-a-late-summer-picnic.md"
"2022-08-31-whats-it-take-to-reversehealput-type-2-diabetes-in","2022-08-31","What’s it take to reverse/heal/put Type 2 Diabetes into remission?","270","Since it can be done – it’s just a matter of “what must YOU do”? We aren’t all exactly the same. What works for someone else might not for you. You might actually have an easier time.","a1c-labs; exercise; fasting; feasting; food-addiction; reversing-type-2-diabetes-journey; type-2-diabetes","Diabetes; exercise; Fasting; health; healthy-living; Intermittent Fasting; low-carb","true","https://lessoflee.wordpress.com/2022/08/31/whats-it-take-to-reverse-heal-put-type-2-diabetes-into-remission/","../src/content/blog/2022-08-31-whats-it-take-to-reversehealput-type-2-diabetes-in.md"
"2022-09-01-september-step-goals","2022-09-01","September Step Goals","195","Started the day with an hour walk. My job is having a “step challenge” for September. I aim to get in 2 walks a day for 10k steps total. I’m also doing carnivore-ish for a month, again. I...","a1c-labs; exercise; fasting; feasting; reversing-type-2-diabetes-journey; type-2-diabetes","Diabetes; exercise; fitness; health","true","https://lessoflee.wordpress.com/2022/09/01/september-step-goals/","../src/content/blog/2022-09-01-september-step-goals.md"
"2022-09-02-health-transformation-is-personal","2022-09-02","Health Transformation is Personal","288","I went out for a 4 mile walk – part of my goal to walk 10k every day in September. 87 weeks ago I committed to a health transformation. It was out of control diabetes that got my...","a1c-labs; capability-recovery; exercise; health-identity; mindset; reversing-type-2-diabetes-journey; type-2-diabetes","Diabetes; exercise; fitness; health; mindset; weight-loss","true","https://lessoflee.wordpress.com/2022/09/02/health-transformation-is-personal/","../src/content/blog/2022-09-02-health-transformation-is-personal.md"
"2022-09-04-i-cantuntil-i-can-sprint","2022-09-04","I Can’t…Until I Can: Sprint","242","I didn’t feel up to it but … it’s Saturday, and on Saturday I run intervals.","capability-recovery; exercise; mindset; reversing-type-2-diabetes-journey","exercise; fitness; health; mindset; Supernatural","true","https://lessoflee.wordpress.com/2022/09/04/i-cantuntil-i-can-sprint/","../src/content/blog/2022-09-04-i-cantuntil-i-can-sprint.md"
"2022-09-10-its-saturday-i-run-intervals-910","2022-09-10","It’s Saturday, I Run Intervals 9/10","322","My company is having a “steps challenge” for September. I set a goal to walk 10k a day. That’s about 40% more than I average and it’s difficult to do every day with my arthritic knees. What has...","capability-recovery; exercise; mindset; nsv; reversing-type-2-diabetes-journey","exercise; fitness; health; healthy-living; mindset; weight-loss","true","https://lessoflee.wordpress.com/2022/09/10/its-saturday-i-run-intervals-9-10/","../src/content/blog/2022-09-10-its-saturday-i-run-intervals-910.md"
"2022-09-11-just-dont-eat-carbs","2022-09-12","Just Don’t Eat Carbs","142","My dietician wanted me to eat a diet high in grains and fruits. She also expected me to be on bs lowering meds and insulin. After all, she’s been teaching diabetics how to remain diabetic for 40 years.","a1c-labs; feasting; food-addiction; reversing-type-2-diabetes-journey; type-2-diabetes","Diabetes; diet; health; low-carb; NSNG; The Diabetes Code","true","https://lessoflee.wordpress.com/2022/09/11/just-dont-eat-carbs/","../src/content/blog/2022-09-11-just-dont-eat-carbs.md"
"2022-09-12-exercise-helps-osteoarthritis","2022-09-13","Exercise Helps Osteoarthritis","676","I’m early in developing an understanding of OA and the benefits and risks of exercise.","a1c-labs; capability-recovery; exercise; fasting; health-identity; reversing-type-2-diabetes-journey; type-2-diabetes","arthritis; health","true","https://lessoflee.wordpress.com/2022/09/12/exercise-helps-osteoarthritis/","../src/content/blog/2022-09-12-exercise-helps-osteoarthritis.md"
"2022-09-17-saturday-intervals-8211-sept-17-22","2022-09-17","Saturday Intervals – Sept 17, 22","236","It’s Saturday, and on Saturdays I run intervals working towards being able to run a 5k. A year and a half ago I couldn’t walk a 5k nor run at all.","capability-recovery; exercise; mindset; reversing-type-2-diabetes-journey","exercise; fitness; health; mindset","true","https://lessoflee.wordpress.com/2022/09/17/saturday-intervals-sept-17-22/","../src/content/blog/2022-09-17-saturday-intervals-8211-sept-17-22.md"
"2022-09-18-blood-sugar-becomes-a-poor-indicator","2022-09-19","Blood Sugar Becomes a Poor Indicator","515","Type 2 diabetes is a battle against uncontrolled high blood sugar. The original battle is to get control of one’s blood sugar. It’s fairly easy to monitor with a blood glucose meter.","a1c-labs; food-addiction; mindset; reversing-type-2-diabetes-journey; type-2-diabetes","Diabetes; health; healthy-living","true","https://lessoflee.wordpress.com/2022/09/18/blood-sugar-becomes-a-poor-indicator/","../src/content/blog/2022-09-18-blood-sugar-becomes-a-poor-indicator.md"
"2022-09-18-exercise-and-calorie-math","2022-09-19","Exercise and Calorie Math","225","Let’s consider this past Saturday. I went out and ran intervals for 5k. I also played table tennis for an hour. A lot of exercise for one day. According to my app I burned something like 1200 calories.","a1c-labs; exercise; feasting; food-addiction; reversing-type-2-diabetes-journey","diet; exercise; fitness; health; healthy-living; low-carb; weight-loss","true","https://lessoflee.wordpress.com/2022/09/18/exercise-and-calorie-math/","../src/content/blog/2022-09-18-exercise-and-calorie-math.md"
"2022-09-20-price-shopping-for-blood-sugar-test-strips","2022-09-20","Price shopping for blood sugar test strips","395","My new job's insurance is such that I no longer ""just order"" my bs test strips. I was a bit shocked at the $110 price I was charged for 100 strips of OneTouch Verio. That's more than $1...","food-addiction; health-identity; reversing-type-2-diabetes-journey; type-2-diabetes","Diabetes","true","https://lessoflee.wordpress.com/2022/09/20/price-shopping-for-blood-sugar-test-strips/","../src/content/blog/2022-09-20-price-shopping-for-blood-sugar-test-strips.md"
"2022-09-22-aspirin-peanut-allergy-and-broken-leg","2022-09-22","Aspirin, Peanut Allergy, and Broken Leg","551","People grapple with understanding how diet and exercise help with type 2 diabetes…particularly when compared to taking drugs. Here are three analogies that each describe an aspect of dealing with Type 2 Diabetes.","a1c-labs; exercise; reversing-type-2-diabetes-journey; type-2-diabetes","Diabetes; exercise; healing; lifestyle","true","https://lessoflee.wordpress.com/2022/09/22/aspirin-peanut-allergy-and-broken-leg/","../src/content/blog/2022-09-22-aspirin-peanut-allergy-and-broken-leg.md"
"2022-09-23-if-you-are-having-fun-is-it-exercise","2022-09-24","If You Are Having Fun, is it Exercise?","281","I’ve been playing table tennis in “virtual reality” for a year. I am currently playing in a tournament. The fun is off the chart. Tonight I played the best match ever. I lost, but the play was extraordinary....","capability-recovery; exercise; failure-restart; reversing-type-2-diabetes-journey","exercise; fitness; health","false","https://lessoflee.wordpress.com/2022/09/23/if-you-are-having-fun-is-it-exercise/","../src/content/blog/2022-09-23-if-you-are-having-fun-is-it-exercise.md"
"2022-09-24-give-blood-8211-save-lives","2022-09-24","Give Blood – Save Lives","118","Did you know that donating blood lowers your A1c score?","a1c-labs; exercise; reversing-type-2-diabetes-journey; type-2-diabetes","Diabetes; health; healthy-living","true","https://lessoflee.wordpress.com/2022/09/24/give-blood-save-lives-2/","../src/content/blog/2022-09-24-give-blood-8211-save-lives.md"
"2022-09-24-gutteous-maximus","2022-09-24","Gutteous Maximus","54","Actually, the original photo was far from the maximum size my gut reached. I could barely wear the shirt that day and went on to get so fat I couldn’t wear it at all.","reversing-type-2-diabetes-journey","health; weight-loss","true","https://lessoflee.wordpress.com/2022/09/24/gutteous-maximus/","../src/content/blog/2022-09-24-gutteous-maximus.md"
"2022-09-24-saturday-intervals-8211-sept-24-22","2022-09-24","Saturday Intervals – Sept 24, 22","138","It’s Saturday, and on Saturdays I run intervals working towards being able to run a 5k. A year and a half ago I couldn’t walk a 5k nor run at all.","capability-recovery; exercise; reversing-type-2-diabetes-journey","exercise; fitness; health","true","https://lessoflee.wordpress.com/2022/09/24/saturday-intervals-sept-24-22/","../src/content/blog/2022-09-24-saturday-intervals-8211-sept-24-22.md"
"2022-09-25-chasing-numbers","2022-09-26","Chasing Numbers","519","Most of us type 2 diabetics have other health issues, particularly heart disease. We hear “diabetes causes….” when the reality is “chronically elevated insulin causes…”. By the time over eating of carbs and the elevated insulin to handle...","a1c-labs; capability-recovery; exercise; fasting; food-addiction; mindset; reversing-type-2-diabetes-journey; type-2-diabetes","Diabetes; exercise; fitness; health; healthy-living; Intermittent Fasting; mindset","true","https://lessoflee.wordpress.com/2022/09/25/chasing-numbers/","../src/content/blog/2022-09-25-chasing-numbers.md"
"2022-09-27-sept-22-extended-fast-day-2","2022-09-28","Sept 22 Extended Fast Day 2","468","Day 2 of this month's extended fast. The goal is 5 days, but the last two times I only did 3.","a1c-labs; exercise; fasting; food-addiction; nsv; reversing-type-2-diabetes-journey; type-2-diabetes","Diabetes; Fasting; health; Intermittent Fasting; Jason Fung; weight-loss","true","https://lessoflee.wordpress.com/2022/09/27/sept-22-extended-fast-day-2/","../src/content/blog/2022-09-27-sept-22-extended-fast-day-2.md"
"2022-09-29-morning-of-day-4-of-sept-22-fast","2022-09-29","Morning of Day 4 of Sept 22 Fast","338","I made it past day three this time. It's hard to describe that I'm not beset with ""hunger pains"" but in the evening I definitely had the ""I wanna eats"" that I gave into the last 2 months.","a1c-labs; exercise; fasting; mindset; nsv; reversing-type-2-diabetes-journey","Fasting","true","https://lessoflee.wordpress.com/2022/09/29/morning-of-day-4-of-sept-22-fast/","../src/content/blog/2022-09-29-morning-of-day-4-of-sept-22-fast.md"
"2022-09-30-day-5-of-sept-22-extended-fast","2022-09-30","Day 5 of Sept 22 Extended Fast","312","I made it to the 5th day, about half the time I fall somewhat short. This is my 10th month of doing a monthly extended fast. It was probably the easiest one.","a1c-labs; exercise; fasting; mindset; reversing-type-2-diabetes-journey","extended fasting; Fasting","true","https://lessoflee.wordpress.com/2022/09/30/day-5-of-sept-22-extended-fast/","../src/content/blog/2022-09-30-day-5-of-sept-22-extended-fast.md"
"2022-10-01-saturday-intervals-oct-1-22","2022-10-01","Saturday Intervals Oct 1, 22","269","I did not feel like it. I just finished a monthly step challenge at work. My exercise activity was up 50% for the month – I was pushing myself to walk 10k steps a day.. Surely I could...","capability-recovery; exercise; mindset; reversing-type-2-diabetes-journey","exercise; fitness; health; mindset","true","https://lessoflee.wordpress.com/2022/10/01/saturday-intervals-oct-1-22/","../src/content/blog/2022-10-01-saturday-intervals-oct-1-22.md"
"2022-10-01-sept-22-progress-update","2022-10-01","Sept 22 Progress Update","304","The belly is shrinking. This is a February photo compared to now. Your clothes are the best measure. As always, I like data and I just had a dexascan which measures fat, lean, bone density. Completely unnecessary –...","exercise; fasting; feasting; nsv; reversing-type-2-diabetes-journey","Fasting; fitness; health; weight-loss","true","https://lessoflee.wordpress.com/2022/10/01/sept-22-progress-update/","../src/content/blog/2022-10-01-sept-22-progress-update.md"
"2022-10-01-i-play-vr-table-tennis-match-on-twitch","2022-10-02","I Play VR Table Tennis Match on Twitch","37","I played in a great table tennis match that was streamed on twitch. What fun","exercise; reversing-type-2-diabetes-journey","exercise","false","https://lessoflee.wordpress.com/2022/10/01/i-play-vr-table-tennis-match-on-twitch/","../src/content/blog/2022-10-01-i-play-vr-table-tennis-match-on-twitch.md"
"2022-10-02-nsv-8211-new-church-duds","2022-10-03","NSV – New Church Duds","20","Size 38” pants and an off-the-rack shirt that actually fits. There is less of both my sweetie and me","nsv; reversing-type-2-diabetes-journey","weight-loss","true","https://lessoflee.wordpress.com/2022/10/02/nsv-new-church-duds/","../src/content/blog/2022-10-02-nsv-8211-new-church-duds.md"
"2022-10-02-sleep-improvement","2022-10-03","Sleep Improvement","68","The importance of sleep can’t be over stated. I’m still not a great sleeper, but my average sleep this year is an hour more than last at 6.5 hours a night. Mostly doing a better job of winding...","reversing-type-2-diabetes-journey","sleep","true","https://lessoflee.wordpress.com/2022/10/02/sleep-improvement/","../src/content/blog/2022-10-02-sleep-improvement.md"
"2022-10-04-diet-and-osteoarthritis","2022-10-04","Diet and Osteoarthritis","171","Here's a video from Doctor Berry (author of Lies My Doctor Told Me) regarding the improvement of osteoarthritis that comes with a low insulin diet (ex very low carb or carnivore).","a1c-labs; capability-recovery; exercise; feasting; food-addiction; reversing-type-2-diabetes-journey; type-2-diabetes","arthritis; health","false","https://lessoflee.wordpress.com/2022/10/04/diet-and-osteoarthritis/","../src/content/blog/2022-10-04-diet-and-osteoarthritis.md"
"2022-10-09-major-life-moments-8211-gaining-a-daughter","2022-10-09","Major Life Moments – Gaining a Daughter","139","Meet Mrs and Mrs Harrington – welcome to the family Alyssa. Finally – I have a daughter that is into IT and works with data!","a1c-labs; capability-recovery; family-responsibility; reversing-type-2-diabetes-journey; type-2-diabetes","Diabetes; health; healthy-living","true","https://lessoflee.wordpress.com/2022/10/09/major-life-moments-gaining-a-daughter/","../src/content/blog/2022-10-09-major-life-moments-8211-gaining-a-daughter.md"
"2022-10-09-my-decision-to-eat-off-plan","2022-10-10","My Decision to Eat Off Plan","644","My first daughter to marry – it’s in the books. A great day. Let’s discuss my decision to eat “off plan”.","a1c-labs; family-responsibility; feasting; food-addiction; mindset; reversing-type-2-diabetes-journey; type-2-diabetes","Diabetes; health; weight-loss","true","https://lessoflee.wordpress.com/2022/10/09/my-decision-to-eat-off-plan/","../src/content/blog/2022-10-09-my-decision-to-eat-off-plan.md"
"2022-10-10-destination-health","2022-10-10","Destination Health","290","It may have taken the specter of daily insulin shots to get me going, but from the beginning my goal was to regain health. Reversing type 2 diabetes was an important milestone for sure. Off very expensive meds...","a1c-labs; capability-recovery; exercise; family-responsibility; reversing-type-2-diabetes-journey; type-2-diabetes","Diabetes; exercise; fitness; health","true","https://lessoflee.wordpress.com/2022/10/10/destination-health/","../src/content/blog/2022-10-10-destination-health.md"
"2022-10-15-saturday-intervals-oct-15-22","2022-10-15","Saturday Intervals Oct 15, 22","438","The morning started with a victory in a virtual reality table tennis match. I love my Quest 2 and playing VR table tennis. The opponent was a sweet lady who lives in Denmark. Very close match.","capability-recovery; exercise; family-responsibility; nsv; reversing-type-2-diabetes-journey","5k; exercise; health; intervals","true","https://lessoflee.wordpress.com/2022/10/15/saturday-intervals-oct-15-22/","../src/content/blog/2022-10-15-saturday-intervals-oct-15-22.md"
"2022-10-15-80lbs-less-of-lee-8211-revamping-my-closet-8211-ag","2022-10-16","80lbs Less of Lee – Revamping My Closet – Again","247","I hit a nice milestone – 80lbs less of Lee. That was how much I lost the last time…and then regained it all plus 25. I was able to lose 80lbs in 10 months when I was in...","capability-recovery; failure-restart; nsv; reversing-type-2-diabetes-journey; type-2-diabetes","health; NSV; weight-loss","true","https://lessoflee.wordpress.com/2022/10/15/80lbs-less-of-lee-revamping-my-closet-again/","../src/content/blog/2022-10-15-80lbs-less-of-lee-8211-revamping-my-closet-8211-ag.md"
"2022-10-20-two-men-in-the-mirror","2022-10-21","Two Men In the Mirror","292","I look in the mirror and two men stare back.","exercise; health-identity; reversing-type-2-diabetes-journey","fitness; health; healthy-living; weight-loss","true","https://lessoflee.wordpress.com/2022/10/20/two-men-in-the-mirror/","../src/content/blog/2022-10-20-two-men-in-the-mirror.md"
"2022-10-22-saturday-intervals-oct-22-22","2022-10-23","Saturday Intervals Oct 22, 22","205","The morning started with leading songs at our church’s men’s retreat. Fun day. Then I lost in the first round of the VR table tennis tourney. That was a blast. Win or lose – it was fun and...","exercise; mindset; reversing-type-2-diabetes-journey","exercise; fitness; health; mindset","true","https://lessoflee.wordpress.com/2022/10/22/1007/","../src/content/blog/2022-10-22-saturday-intervals-oct-22-22.md"
"2022-10-25-year-and-a-half-review","2022-10-25","Year and a Half Review","752","April 20, 2021 I finally met with the diabetes specialist after more than 2 years of having my regular doctor inform me I was diabetic with an A1c of 8.5. He had put me on Metformin and Glipizide....","a1c-labs; capability-recovery; exercise; fasting; feasting; health-identity; mindset; reversing-type-2-diabetes-journey; type-2-diabetes","Diabetes; exercise; health; Jason Fung; NSNG","true","https://lessoflee.wordpress.com/2022/10/25/year-and-a-half-review/","../src/content/blog/2022-10-25-year-and-a-half-review.md"
"2022-10-26-q038a-on-5-day-water-only-fasts","2022-10-26","Q&A on 5 Day Water Only Fasts","662","It’s that time of the month when I embark upon a 5 day water only fast.","a1c-labs; capability-recovery; exercise; fasting; reversing-type-2-diabetes-journey; type-2-diabetes","Diabetes; extended fasting; Fasting; health; weight-loss","true","https://lessoflee.wordpress.com/2022/10/26/qa-on-5-day-water-only-fasts/","../src/content/blog/2022-10-26-q038a-on-5-day-water-only-fasts.md"
"2022-10-30-one-more-addition-to-my-8220why8221","2022-10-31","One More Addition to my “Why”","232","I can tell the world now – my daughter is expecting our first grandchild – and it's a boy!","capability-recovery; exercise; family-responsibility; mindset; reversing-type-2-diabetes-journey; type-2-diabetes","health; mindset","true","https://lessoflee.wordpress.com/2022/10/30/one-more-addition-to-my-why/","../src/content/blog/2022-10-30-one-more-addition-to-my-8220why8221.md"
"2022-11-01-making-progress-building-strength","2022-11-02","Making Progress Building Strength","267","I’ve been strength training since Feb. You can see my progress in the carts below.","exercise; reversing-type-2-diabetes-journey; type-2-diabetes","Diabetes; exercise; fitness; health","true","https://lessoflee.wordpress.com/2022/11/01/making-progress-building-strength/","../src/content/blog/2022-11-01-making-progress-building-strength.md"
"2022-11-08-will-power-and-discipline","2022-11-09","Will Power And Discipline","468","This topic appears a lot. You’ve seen me improve my A1c. You’ve seen me lose weight. You’ve seen me improve my fitness. You’ve seen me regain abilities from the disability that is osteoarthritis.","a1c-labs; exercise; failure-restart; family-responsibility; mindset; reversing-type-2-diabetes-journey; type-2-diabetes","Diabetes; fitness; health; mindset; weight-loss","true","https://lessoflee.wordpress.com/2022/11/08/will-power-and-discipline/","../src/content/blog/2022-11-08-will-power-and-discipline.md"
"2022-11-12-i-cant-until-i-can-8211-supernatural-personal-best","2022-11-13","I Can’t Until I Can – Supernatural Personal Bests","498","It’s Saturday, and on Saturday's I run intervals. Except last Saturday it rained all day and today it was freezing outside. Not to worry, I have a replacement goal to push myself: exercise with the Supernatural app for...","capability-recovery; exercise; failure-restart; mindset; nsv; reversing-type-2-diabetes-journey","exercise; fitness; health; mindset; Supernatural","true","https://lessoflee.wordpress.com/2022/11/12/i-cant-until-i-can-supernatural-personal-bests/","../src/content/blog/2022-11-12-i-cant-until-i-can-8211-supernatural-personal-best.md"
"2022-11-13-diabetics-have-a-blood-sugar-control-problem","2022-11-14","Diabetics Have a Blood Sugar Control Problem","504","Type 2 diabetes is the inability to control the level of glucose in the blood. The demarcation is an A1c of 6.5 – which represents how much of your red blood cells have been glycated with sugar over...","a1c-labs; exercise; failure-restart; fasting; feasting; food-addiction; reversing-type-2-diabetes-journey; type-2-diabetes","Diabetes; diet; Fasting; health; healthy-living; Intermittent Fasting; low-carb; weight-loss","true","https://lessoflee.wordpress.com/2022/11/13/1025/","../src/content/blog/2022-11-13-diabetics-have-a-blood-sugar-control-problem.md"
"2022-11-15-i-cant-until-i-can-8211-exercise-in-winter","2022-11-16","I Can’t Until I Can – Exercise in Winter","276","I embarked on my health reclamation journey a year ago in the spring. Love the spring, then summer and into fall. Outside most every day going for a walk. That was about all I could do at the...","capability-recovery; exercise; failure-restart; health-identity; mindset; nsv; reversing-type-2-diabetes-journey; type-2-diabetes","Diabetes; exercise; fitness; health; healthy-living; mindset","true","https://lessoflee.wordpress.com/2022/11/15/i-cant-until-i-can-exercise-in-winter/","../src/content/blog/2022-11-15-i-cant-until-i-can-8211-exercise-in-winter.md"
"2022-11-20-i-see-illness-8211-i-have-not-arrived","2022-11-20","I See Illness – I Have Not Arrived","547","Every now and then I take stock of where I am – independent of where I’ve been.","a1c-labs; capability-recovery; fasting; feasting; mindset; reversing-type-2-diabetes-journey; type-2-diabetes","Diabetes; health; healthy-living; mindset; weight-loss","true","https://lessoflee.wordpress.com/2022/11/20/i-see-illness-i-have-not-arrived/","../src/content/blog/2022-11-20-i-see-illness-8211-i-have-not-arrived.md"
"2022-11-20-saturday-push-11-20-22","2022-11-20","Saturday Push 11-20-22","224","Yesterday was Saturday and on Saturday’s I push myself.","capability-recovery; exercise; reversing-type-2-diabetes-journey","fitness; health","true","https://lessoflee.wordpress.com/2022/11/20/saturday-push-11-20-22/","../src/content/blog/2022-11-20-saturday-push-11-20-22.md"
"2022-11-21-save-money-on-curalin-black-friday","2022-11-21","Save Money on Curalin Black Friday","313","Every now and then I post my affiliate link to encourage folks to try Curalin, an herbal blood sugar support supplement that works for me, my family, and many others.","a1c-labs; exercise; family-responsibility; fasting; reversing-type-2-diabetes-journey; type-2-diabetes","","true","https://lessoflee.wordpress.com/2022/11/21/save-money-on-curalin-black-friday/","../src/content/blog/2022-11-21-save-money-on-curalin-black-friday.md"
"2022-11-23-holiday-workout","2022-11-23","Holiday Workout","119","Holiday travel means you can’t work out, right?","exercise; food-addiction; reversing-type-2-diabetes-journey","exercise; health","true","https://lessoflee.wordpress.com/2022/11/23/holiday-workout/","../src/content/blog/2022-11-23-holiday-workout.md"
"2022-11-26-i-cantuntil-i-can-8211-run-up-the-entire-hill","2022-11-26","I Can’t…Until I Can – Run Up the Entire Hill","206","It’s Saturday, and on Saturday's I run intervals.","capability-recovery; exercise; reversing-type-2-diabetes-journey; type-2-diabetes","Diabetes; exercise; fitness; health; weight-loss","true","https://lessoflee.wordpress.com/2022/11/26/i-cantuntil-i-can-run-up-the-entire-hill/","../src/content/blog/2022-11-26-i-cantuntil-i-can-8211-run-up-the-entire-hill.md"
"2022-11-26-thanksgiving-food-lessons","2022-11-26","Thanksgiving Food Lessons","394","Morning after feasting on so much “off plan” foods and my bs reading was 105!","a1c-labs; exercise; failure-restart; family-responsibility; fasting; feasting; food-addiction; health-identity; reversing-type-2-diabetes-journey; type-2-diabetes","Diabetes; diet; health","true","https://lessoflee.wordpress.com/2022/11/26/thanksgiving-food-lessons/","../src/content/blog/2022-11-26-thanksgiving-food-lessons.md"
"2022-11-29-a-year-of-extended-fasting","2022-11-29","A Year of Extended Fasting","387","I have embarked on my 12th monthly extended fast. I aim for 5 days, but do not always make it. 5 days, just water/coffee/tea (no sweeteners).","family-responsibility; fasting; feasting; food-addiction; mindset; reversing-type-2-diabetes-journey; type-2-diabetes","Diabetes; extended fasting; Fasting; health; weight-loss","true","https://lessoflee.wordpress.com/2022/11/29/a-year-of-extended-fasting/","../src/content/blog/2022-11-29-a-year-of-extended-fasting.md"
"2022-11-29-surprising-impact","2022-11-30","Surprising Impact","423","I’m going to tell a story that happened to me, but I aim for it to be about you and your potential to do far more good than you can imagine. Even if you can’t see yourself that...","failure-restart; fasting; feasting; reversing-type-2-diabetes-journey; type-2-diabetes","Diabetes; health; Intermittent Fasting; weight-loss","false","https://lessoflee.wordpress.com/2022/11/29/surprising-impact/","../src/content/blog/2022-11-29-surprising-impact.md"
"2022-11-30-fasting-vs-starving","2022-11-30","Fasting vs Starving","530","I'm 65 hours into my 5 day fast. I do this once a month advised by my doctor – and with a lot of personal education on the topic. I recommend The Complete Guide to Fasting by Dr...","a1c-labs; exercise; fasting; mindset; reversing-type-2-diabetes-journey; type-2-diabetes","extended fasting; Fasting","true","https://lessoflee.wordpress.com/2022/11/30/fasting-vs-starving/","../src/content/blog/2022-11-30-fasting-vs-starving.md"
"2022-12-04-no-saturday-push-day","2022-12-05","No Saturday Push Day","32","I’m sick so no “Saturday Push Day”, intervals or Supernatural. I did get a half hour walk in yesterday and today. Being outside, even a short time, helps my mental health.","exercise; mindset; reversing-type-2-diabetes-journey","fitness; health","true","https://lessoflee.wordpress.com/2022/12/04/no-saturday-push-day/","../src/content/blog/2022-12-04-no-saturday-push-day.md"
"2022-12-06-building-tomorrow8217s-better-me-today","2022-12-06","Building Tomorrow’s Better Me Today","101","My watch has a fitness tracker. Every midnight my rings reset to zero. Every morning I wake up and there is no accomplishment from the day before. Every day I need to get about my health.","mindset; reversing-type-2-diabetes-journey","mindset","true","https://lessoflee.wordpress.com/2022/12/06/building-tomorrows-better-me-today/","../src/content/blog/2022-12-06-building-tomorrow8217s-better-me-today.md"
"2022-12-08-diabetes-taught-me-what-my-mother-should-have","2022-12-08","Diabetes Taught Me What My Mother Should Have","376","None of us are born with Type 2 diabetes. I was born with the potential to develop type 2 diabetes by eating the type of food known as the Standard American Diet.","health-identity; reversing-type-2-diabetes-journey; type-2-diabetes","Diabetes; diet; health","true","https://lessoflee.wordpress.com/2022/12/08/diabetes-taught-me-what-my-mother-should-have/","../src/content/blog/2022-12-08-diabetes-taught-me-what-my-mother-should-have.md"
"2022-12-08-my-little-blue-dress","2022-12-09","My Little Blue Dress","64","I gained back some weight…but I have my cloud “dress” to remind me how far I’ve come. When I’m feeling the need to remind myself how much work still needs to be done I put on the yellow...","mindset; reversing-type-2-diabetes-journey","mindset","true","https://lessoflee.wordpress.com/2022/12/08/my-little-blue-dress/","../src/content/blog/2022-12-08-my-little-blue-dress.md"
"2022-12-08-stop-eating-peanuts","2022-12-09","Stop Eating Peanuts!","332","Because you have a peanut allergy and eating peanuts is making you sick and could even kill you.","a1c-labs; reversing-type-2-diabetes-journey; type-2-diabetes","Diabetes; diet","true","https://lessoflee.wordpress.com/2022/12/08/stop-eating-peanuts/","../src/content/blog/2022-12-08-stop-eating-peanuts.md"
"2022-12-10-saturday-push-day-8211-signs-of-healing","2022-12-10","Saturday Push Day – Signs of Healing","161","It’s Saturday and on Saturdays I push harder. At work we had a challenge to run a 5k. So that’s what I did this morning. Can’t make it without stopping to walk yet, but I’m making progress.","capability-recovery; exercise; health-identity; reversing-type-2-diabetes-journey","arthritis; exercise; fitness","true","https://lessoflee.wordpress.com/2022/12/10/saturday-push-day-signs-of-healing/","../src/content/blog/2022-12-10-saturday-push-day-8211-signs-of-healing.md"
"2022-12-11-proof-of-healing","2022-12-11","Proof of Healing","551","There is confusion about healing as it relates to type 2 diabetes. Is it truly a progressively degenerative disease? If you get better…are you destined to get worse no matter what…because…once a diabetic, always a diabetic? Or can...","a1c-labs; fasting; feasting; food-addiction; mindset; nsv; reversing-type-2-diabetes-journey; type-2-diabetes","Diabetes; diet; health; Intermittent Fasting; low-carb; The Diabetes Code","true","https://lessoflee.wordpress.com/2022/12/11/proof-of-healing/","../src/content/blog/2022-12-11-proof-of-healing.md"
"2022-12-13-tale-of-two-exercises","2022-12-14","Tale of Two Exercises","154","I went for a nice brisk 45 minute walk before a winter storm this morning. Later in the evening I did a 45 minute aerobic workout with my VR headset (Supernatural).","capability-recovery; exercise; reversing-type-2-diabetes-journey","exercise; fitness; health","true","https://lessoflee.wordpress.com/2022/12/13/tale-of-two-exercises/","../src/content/blog/2022-12-13-tale-of-two-exercises.md"
"2022-12-16-veggies-optional","2022-12-16","Veggies Optional","802","You’ll see me write “veggies optional” in my food posts of late. It represents my current take on the “carnivore diet” for my own uses. Dr Ken Berry would describe it as the Proper Human Diet, others might...","feasting; health-identity; reversing-type-2-diabetes-journey; type-2-diabetes","carnivore; diet","true","https://lessoflee.wordpress.com/2022/12/16/veggies-optional/","../src/content/blog/2022-12-16-veggies-optional.md"
"2022-12-17-saturday-push-day-12-17-22","2022-12-17","Saturday Push Day 12-17-22","322","It’s Saturday and on Saturday's I push myself. Winter snow and ice on the ground so no running intervals. Instead, I did a set of workouts with the Quest 2 VR headset. It may be a bit nerdy,...","capability-recovery; exercise; reversing-type-2-diabetes-journey","exercise; fitness; health","true","https://lessoflee.wordpress.com/2022/12/17/saturday-push-day-12-17-22/","../src/content/blog/2022-12-17-saturday-push-day-12-17-22.md"
"2022-12-19-i-cant-until-i-can-8211-walk-in-winter","2022-12-20","I Can’t Until I Can – Walk In Winter","261","The last couple of years I’ve practically been a shut in once winter arrived. I couldn’t walk across my lawn in summer as I was too unsteady. Snow and ice on the sidewalk? Yeah, I have to stay...","capability-recovery; exercise; reversing-type-2-diabetes-journey; type-2-diabetes","exercise; fitness; health","true","https://lessoflee.wordpress.com/2022/12/19/1077/","../src/content/blog/2022-12-19-i-cant-until-i-can-8211-walk-in-winter.md"
"2022-12-20-im-an-athlete","2022-12-21","I’m an Athlete!","322","A bit more than a year ago I bought the Quest 2 and subscribed to the workout app, Supernatural. I was looking for something to workout at home during the winter as the health clubs were still closed...","capability-recovery; exercise; health-identity; reversing-type-2-diabetes-journey","exercise; fitness; health","true","https://lessoflee.wordpress.com/2022/12/20/im-an-athlete/","../src/content/blog/2022-12-20-im-an-athlete.md"
"2022-12-21-how-to-add-liver-to-my-diet-8211-solved","2022-12-22","How to Add Liver to My Diet – Solved","60","My tuna code liver salad has become a keeper. Tonight’s version I added avocado Mayo, mustard, red bell pepper, banana pepper, and jalapeño.","feasting; reversing-type-2-diabetes-journey","diet; low-carb","true","https://lessoflee.wordpress.com/2022/12/21/how-to-add-liver-to-my-diet-solved/","../src/content/blog/2022-12-21-how-to-add-liver-to-my-diet-8211-solved.md"
"2022-12-22-a-walk-before-a-winter-storm","2022-12-22","A Walk before a Winter Storm","183","A winter storm arrives later today – so out I went to get a walk in. My knees were feeling so good, I walked extra.","capability-recovery; exercise; family-responsibility; food-addiction; mindset; reversing-type-2-diabetes-journey","exercise; fitness; health","true","https://lessoflee.wordpress.com/2022/12/22/a-walk-before-a-winter-storm/","../src/content/blog/2022-12-22-a-walk-before-a-winter-storm.md"
"2022-12-22-pushing-the-limits","2022-12-23","Pushing the Limits","357","Thursday I do strength training but due to the storm it was canceled. I walked for an hour before the storm and decided to get a Supernatural workout in later in the day.","exercise; mindset; reversing-type-2-diabetes-journey","exercise; fitness; mindset","true","https://lessoflee.wordpress.com/2022/12/22/pushing-the-limits/","../src/content/blog/2022-12-22-pushing-the-limits.md"
"2022-12-24-saturday-push-day-christmas-eve-22","2022-12-24","Saturday Push Day Christmas Eve 22","182","No running of intervals in this weather – so to the bat cave I go – and put my VR headset on.","exercise; mindset; reversing-type-2-diabetes-journey","exercise; fitness; health; mindset","true","https://lessoflee.wordpress.com/2022/12/24/saturday-push-day-christmas-eve-22/","../src/content/blog/2022-12-24-saturday-push-day-christmas-eve-22.md"
"2022-12-28-a-reprieve-from-cabin-fever","2022-12-29","A Reprieve from Cabin Fever","154","Got a break from cabin fever as the weather warmed up to above freezing. So happy that I can walk outside in the snow and a bit of ice. Careful, but unafraid. Then later a workout with Lady...","exercise; feasting; food-addiction; reversing-type-2-diabetes-journey; type-2-diabetes","Diabetes; fitness; health; low-carb; weight-loss","true","https://lessoflee.wordpress.com/2022/12/28/a-reprieve-from-cabin-fever/","../src/content/blog/2022-12-28-a-reprieve-from-cabin-fever.md"
"2022-12-30-i-can8217t-until-i-can-8211-from-cane-to-5k","2022-12-30","I Can’t Until I Can – From Cane to 5K","203","Today I did it, I ran a 5k without stopping!","capability-recovery; reversing-type-2-diabetes-journey; type-2-diabetes","","false","https://lessoflee.wordpress.com/2022/12/30/i-cant-until-i-can-from-cane-to-5k/","../src/content/blog/2022-12-30-i-can8217t-until-i-can-8211-from-cane-to-5k.md"
"2023-01-03-treat-your-own-knee","2023-01-03","Treat Your Own Knee","691","TLDR – The book Treat Your Own Knee by Robin McKenzie is a great resource on how to rehab/heal your knee.","capability-recovery; exercise; reversing-type-2-diabetes-journey; type-2-diabetes","arthritis; exercise; health; oa","true","https://lessoflee.wordpress.com/2023/01/03/treat-your-own-knee/","../src/content/blog/2023-01-03-treat-your-own-knee.md"
"2023-01-03-i-resolve-to-reclaim-my-health","2023-01-04","I Resolve to Reclaim My Health","444","Did I miss the window to make my New Year's Resolutions? Good…because every day I start again. People joke about how long before they’ve broken their resolutions. I fail too…all the time. But then I get back on...","a1c-labs; capability-recovery; exercise; failure-restart; fasting; feasting; mindset; reversing-type-2-diabetes-journey; type-2-diabetes","health; mindset","true","https://lessoflee.wordpress.com/2023/01/03/i-resolve-to-reclaim-my-health/","../src/content/blog/2023-01-03-i-resolve-to-reclaim-my-health.md"
"2023-01-08-saturday-push-day-8211-run-run-faster-sprint","2023-01-08","Saturday Push Day – Run, Run Faster, Sprint","229","I didn’t feel like going out. I had a number of vigorous Supernatural workouts during the week. But it’s Saturday, and on Saturday's I push my limits. Out I went into the cold.","capability-recovery; exercise; mindset; reversing-type-2-diabetes-journey","exercise; fitness; health; mindset","true","https://lessoflee.wordpress.com/2023/01/08/saturday-push-day-run-run-faster-sprint/","../src/content/blog/2023-01-08-saturday-push-day-8211-run-run-faster-sprint.md"
"2023-01-11-exercising-for-health-not-weight-loss","2023-01-11","Exercising for Health, Not Weight Loss","599","You may have noticed that I’ve been writing a lot about exercise lately. With Type 2 diabetes in my rear view, I have been pressing on to reclaim my health. I had let my health deteriorate quite a...","a1c-labs; exercise; health-identity; mindset; reversing-type-2-diabetes-journey; type-2-diabetes","Diabetes; exercise; health","true","https://lessoflee.wordpress.com/2023/01/11/exercising-for-health-not-weight-loss/","../src/content/blog/2023-01-11-exercising-for-health-not-weight-loss.md"
"2023-01-14-saturday-push-day-8211-showing-up-for-myself","2023-01-14","Saturday Push Day – Showing Up For Myself","268","Saturday Push Day – Showing Up For Myself","capability-recovery; exercise; mindset; reversing-type-2-diabetes-journey","exercise; fitness; health; mindset","true","https://lessoflee.wordpress.com/2023/01/14/saturday-push-day-showing-up-for-myself/","../src/content/blog/2023-01-14-saturday-push-day-8211-showing-up-for-myself.md"
"2023-01-15-better-than-any-arthritis-pill","2023-01-15","Better than any Arthritis Pill","172","Me walking with a cane a couple years ago. Me just before I ran my first 5k without walking 2 weeks ago.","a1c-labs; capability-recovery; exercise; reversing-type-2-diabetes-journey; type-2-diabetes","arthritis; health","true","https://lessoflee.wordpress.com/2023/01/15/better-than-any-arthritis-pill/","../src/content/blog/2023-01-15-better-than-any-arthritis-pill.md"
"2023-01-18-i-cantuntil-i-can-8211-knee-strikes","2023-01-18","I Can’t…Until I Can – Knee Strikes","163","Another workout in the bag. Mondays and Thursdays are my strength training, and Saturdays are my push days. Tuesday are walks and a light aerobics workout with my Quest 2 and the Supernatural app.","exercise; reversing-type-2-diabetes-journey","exercise; fitness; health; Supernatural","true","https://lessoflee.wordpress.com/2023/01/18/i-cantuntil-i-can-knee-strikes/","../src/content/blog/2023-01-18-i-cantuntil-i-can-8211-knee-strikes.md"
"2023-01-19-i-cantuntil-i-can-8211-supernatural-diamond","2023-01-20","I Can’t…Until I Can – Supernatural Diamond","122","I’ve been exercising with the Supernatural app on my Quest 2 VR headset for almost a year and a half. When I started I had trouble doing the shortest, lowest level workout.","exercise; reversing-type-2-diabetes-journey","exercise; fitness; health; Supernatural","true","https://lessoflee.wordpress.com/2023/01/19/i-cantuntil-i-can-supernatural-diamond/","../src/content/blog/2023-01-19-i-cantuntil-i-can-8211-supernatural-diamond.md"
"2023-01-20-introducing-herbie-the-fluffy-ninja-hippo","2023-01-21","Introducing Herbie the Fluffy Ninja Hippo","136","I’m Herbie, Ninja wanna be. I’m a fluffy hippo now, but my trainer (Lee) is helping me get fit.","exercise; humor-voice; reversing-type-2-diabetes-journey","exercise; fitness; health; Supernatural","true","https://lessoflee.wordpress.com/2023/01/20/introducing-herbie-the-fluffy-ninja-hippo/","../src/content/blog/2023-01-20-introducing-herbie-the-fluffy-ninja-hippo.md"
"2023-01-21-saturday-push-through-pride-day","2023-01-21","Saturday Push Through Pride Day","212","I did a hard HIIT workout on Friday so I went for a different kind of push this Saturday. I went to the health club and did my strength training.","exercise; mindset; reversing-type-2-diabetes-journey","exercise; fitness; health; mindset","true","https://lessoflee.wordpress.com/2023/01/21/saturday-push-through-pride-day/","../src/content/blog/2023-01-21-saturday-push-through-pride-day.md"
"2023-01-22-in-search-of-healing-type-2-diabetes","2023-01-22","In Search of Healing Type 2 Diabetes","528","Remission or Reversal? I prefer the term “healing”. It’s the notion that Type 2 Diabetes is NOT a “progressively degenerative disease” where the BEST thing you can hope for is the MANAGE your blood glucose with meds and...","a1c-labs; capability-recovery; exercise; fasting; mindset; reversing-type-2-diabetes-journey; type-2-diabetes","Diabetes; health; mindset","true","https://lessoflee.wordpress.com/2023/01/22/in-search-of-healing-type-2-diabetes/","../src/content/blog/2023-01-22-in-search-of-healing-type-2-diabetes.md"
"2023-01-22-sunday-8211-its-your-body-stupid","2023-01-22","Sunday – It’s Your Body Stupid","120","My trainer, Lee, wanted to sleep in – it’s Sunday after all. But I got him up to do a quick workout and shower before church.","exercise; humor-voice; mindset; reversing-type-2-diabetes-journey","exercise; fitness; health; mindset; Supernatural","true","https://lessoflee.wordpress.com/2023/01/22/sunday-its-your-body-stupid/","../src/content/blog/2023-01-22-sunday-8211-its-your-body-stupid.md"
"2023-01-23-january-23-5-day-fast-8211-day-1","2023-01-24","January ‘23 5 Day Fast – Day 1","323","Day one of this month’s extended fast is in the bag. I ate Sunday dinner and I won’t eat again until Friday.","a1c-labs; exercise; fasting; reversing-type-2-diabetes-journey; type-2-diabetes","Fasting; Intermittent Fasting; Jason Fung; The Diabetes Code; weight-loss","true","https://lessoflee.wordpress.com/2023/01/23/january-23-5-day-fast-day-1/","../src/content/blog/2023-01-23-january-23-5-day-fast-8211-day-1.md"
"2023-01-24-stacking-habits","2023-01-25","Stacking Habits","266","A high school pal and prolific Facebook poster wrote about “stacking habits”. I’ve never called it that – but it’s what I practice. You can’t fix everything in your life and health all at once. You can make...","exercise; humor-voice; mindset; reversing-type-2-diabetes-journey","exercise; fitness; health; mindset; sleep; Supernatural","true","https://lessoflee.wordpress.com/2023/01/24/stacking-habits/","../src/content/blog/2023-01-24-stacking-habits.md"
"2023-01-25-untitled","2023-01-26","Untitled","186","I’ve finished day three of five planned for this month’s extended fast. All is well.","a1c-labs; exercise; fasting; feasting; food-addiction; reversing-type-2-diabetes-journey; type-2-diabetes","Diabetes; exercise; Fasting; fitness; health; Jason Fung; Keto; Supernatural","true","https://lessoflee.wordpress.com/2023/01/25/1136/","../src/content/blog/2023-01-25-untitled.md"
"2023-01-26-i-cantuntil-i-can-8211-walk-in-the-winter","2023-01-26","I Can’t…Until I Can – Walk In The Winter","189","It’s day 4 of my fast and I feel terrific. I have the “day 4 magic knees”. My osteoarthritis always feels best by day 4.","a1c-labs; capability-recovery; exercise; fasting; mindset; nsv; reversing-type-2-diabetes-journey; type-2-diabetes","Fasting; fitness; health; mindset; NSV; weight-loss","true","https://lessoflee.wordpress.com/2023/01/26/i-cantuntil-i-can-walk-in-the-winter/","../src/content/blog/2023-01-26-i-cantuntil-i-can-8211-walk-in-the-winter.md"
"2023-01-27-a-tough-person-for-a-tough-day","2023-01-27","A Tough Person for a Tough Day","556","It’s morning of day 5. My last food was 109 hours ago.","capability-recovery; fasting; mindset; reversing-type-2-diabetes-journey","arthritis; Fasting; health; mindset; weight-loss","true","https://lessoflee.wordpress.com/2023/01/27/a-tough-person-for-a-tough-day/","../src/content/blog/2023-01-27-a-tough-person-for-a-tough-day.md"
"2023-01-28-i-cant-until-i-can-8211-eat-liver","2023-01-28","I Can’t Until I Can – Eat Liver","324","Almost all the food I liked and ate the most – led to me being a type 2 diabetic and morbidly obese. Changing what you eat can be a daunting task. The trick is to find new foods...","family-responsibility; feasting; reversing-type-2-diabetes-journey; type-2-diabetes","diet; health; Keto; recipe","true","https://lessoflee.wordpress.com/2023/01/28/i-cant-until-i-can-eat-liver/","../src/content/blog/2023-01-28-i-cant-until-i-can-8211-eat-liver.md"
"2023-01-28-saturday-push-day-8211-heart-vs-muscles","2023-01-28","Saturday Push Day – Heart vs Muscles","285","It’s Saturday and I don’t ask if I feel like pushing myself (I usually don’t), I just go do it.","exercise; mindset; reversing-type-2-diabetes-journey","exercise; fitness; health; mindset","true","https://lessoflee.wordpress.com/2023/01/28/saturday-push-day-heart-vs-muscles/","../src/content/blog/2023-01-28-saturday-push-day-8211-heart-vs-muscles.md"
"2023-01-30-graduating-from-curalin-and-the-exercise-coach","2023-01-30","Graduating from Curalin and The Exercise Coach","297","There are two very helpful products/services that I’m ceasing to use: Curalin and The Exercise Coach strength training.","a1c-labs; exercise; family-responsibility; health-identity; reversing-type-2-diabetes-journey; type-2-diabetes","Diabetes; exercise","true","https://lessoflee.wordpress.com/2023/01/30/graduating-from-curalin-and-the-exercise-coach/","../src/content/blog/2023-01-30-graduating-from-curalin-and-the-exercise-coach.md"
"2023-01-30-how-to-lose-weight-and-lower-a1c-instantly-donate","2023-01-30","How To Lose Weight and Lower A1C Instantly? Donate Blood","191","Every 8 weeks I donate blood and put out a post on how it helps lower A1c. This time as I watched them walk away with a pint of my blood I realized that it also helps you...","a1c-labs; exercise; reversing-type-2-diabetes-journey; type-2-diabetes","Diabetes; health","true","https://lessoflee.wordpress.com/2023/01/30/how-to-lose-weight-and-lower-a1c-instantly-donate-blood/","../src/content/blog/2023-01-30-how-to-lose-weight-and-lower-a1c-instantly-donate.md"
"2023-01-31-carnivore-january","2023-01-31","Carnivore January","447","From my daughter’s wedding in Oct through all the holidays I gained a lot of weight back so it was time to turn things back around. More on that later. I chose to do what worked so well...","a1c-labs; family-responsibility; feasting; reversing-type-2-diabetes-journey; type-2-diabetes","carnivore; diet; health","true","https://lessoflee.wordpress.com/2023/01/31/carnivore-january/","../src/content/blog/2023-01-31-carnivore-january.md"
"2023-02-02-58-trips-around-the-sun","2023-02-02","58 Trips Around the Sun","534","It is indeed a happy birthday. Time to reflect on my health journey over the last two years.","capability-recovery; exercise; failure-restart; health-identity; mindset; reversing-type-2-diabetes-journey; type-2-diabetes","Diabetes; fitness; health","true","https://lessoflee.wordpress.com/2023/02/02/58-trips-around-the-sun/","../src/content/blog/2023-02-02-58-trips-around-the-sun.md"
"2023-02-04-saturday-push-day-8211-weight-bench","2023-02-04","Saturday Push Day – Weight Bench","387","Today’s push is tackling lifting weights. I bought a weight bench for my birthday. I’ve been doing strength training for a year at a wonderful studio, www.theexercisecoach.com. I chose it after doing a bit of reading on the...","exercise; mindset; reversing-type-2-diabetes-journey","exercise; health; mindset","true","https://lessoflee.wordpress.com/2023/02/04/saturday-push-day-weight-bench/","../src/content/blog/2023-02-04-saturday-push-day-8211-weight-bench.md"
"2023-02-10-the-100k-club","2023-02-10","The 100k Club","423","I hit the 100k points milestone in my workout app last night. Others are celebrating hitting a million and I congratulate them. I am running my own race and competing against the old me as I build the...","capability-recovery; exercise; feasting; health-identity; reversing-type-2-diabetes-journey","exercise; fitness; health","true","https://lessoflee.wordpress.com/2023/02/10/the-100k-club/","../src/content/blog/2023-02-10-the-100k-club.md"
"2023-02-11-saturday-push-day-8211-hiit","2023-02-11","Saturday Push Day – HIIT","201","Reading a book on HIIT – High Intensity Interval Training. The value comes in getting your heart rate up to 95% of capacity. Which I did for the last song. Once you learn what that feels like, it...","exercise; mindset; reversing-type-2-diabetes-journey","exercise; fitness; health; mindset","true","https://lessoflee.wordpress.com/2023/02/11/saturday-push-day-hiit/","../src/content/blog/2023-02-11-saturday-push-day-8211-hiit.md"
"2023-02-11-i-fatten-easily","2023-02-12","I Fatten Easily","431","Well, it's happened. I've gone and done it. I've regained 34 pounds after losing a whopping 85 pounds. I can hear Gary Taubes now, ""Ah ha! I told you so! You fatten easily!""","a1c-labs; failure-restart; family-responsibility; feasting; food-addiction; reversing-type-2-diabetes-journey; type-2-diabetes","carnivore; Diabetes; health; low-carb; weight-loss","true","https://lessoflee.wordpress.com/2023/02/11/i-fatten-easily/","../src/content/blog/2023-02-11-i-fatten-easily.md"
"2023-02-12-back-to-the-abusive-boyfriend-the-food-that-made-y","2023-02-12","Back to the Abusive Boyfriend: The Food That Made You Fat and Sick.","235","The Standard American Diet isn't a sustainable solution for health. It's not the diets you stop following that have failed, it's the food that made you unhealthy in the first place.","fasting; feasting; food-addiction; mindset; reversing-type-2-diabetes-journey; type-2-diabetes","Diabetes; diet; Fasting; health; low-carb; mindset","true","https://lessoflee.wordpress.com/2023/02/12/back-to-the-abusive-boyfriend-the-food-that-made-you-fat-and-sick/","../src/content/blog/2023-02-12-back-to-the-abusive-boyfriend-the-food-that-made-y.md"
"2023-02-18-saturday-push-day-8211-one-for-the-road","2023-02-19","Saturday Push Day – One for the Road","136","Headed out to Michigan to spend the weekend with my daughters. What to do about closing my rings…and it’s Saturday?","exercise; failure-restart; family-responsibility; health-identity; mindset; reversing-type-2-diabetes-journey","exercise; fitness; mindset","true","https://lessoflee.wordpress.com/2023/02/18/saturday-push-day-one-for-the-road/","../src/content/blog/2023-02-18-saturday-push-day-8211-one-for-the-road.md"
"2023-02-19-every-day","2023-02-19","Every Day","234","I’ve closed my 3 Apple Watch rings every day for over a year. Sometimes that takes some planning, or last minute near midnight walking.","capability-recovery; exercise; family-responsibility; mindset; reversing-type-2-diabetes-journey","exercise; fitness; health; mindset","true","https://lessoflee.wordpress.com/2023/02/19/every-day/","../src/content/blog/2023-02-19-every-day.md"
"2023-02-21-finding-the-joy","2023-02-22","Finding the Joy","220","So happy to have found a form of working out that I really enjoy. Growing up it was tennis for me. I could be out on the court from morning til night during the summers.","exercise; fasting; reversing-type-2-diabetes-journey","diet; exercise; Fasting; fitness; health","true","https://lessoflee.wordpress.com/2023/02/21/finding-the-joy/","../src/content/blog/2023-02-21-finding-the-joy.md"
"2023-02-25-saturday-push-day-8211-freezing-5k","2023-02-25","Saturday Push Day – Freezing 5k","116","It’s Saturday, time to push my limits. It’s just below freezing outside with a dusting of snow on the ground. 3 layers and I’m out the door to go for a run.","capability-recovery; exercise; mindset; reversing-type-2-diabetes-journey","fitness; mindset","true","https://lessoflee.wordpress.com/2023/02/25/saturday-push-day-freezing-5k/","../src/content/blog/2023-02-25-saturday-push-day-8211-freezing-5k.md"
"2023-02-28-how-i-define-winning-against-type-2-diabetes","2023-02-28","How I Define Winning Against Type 2 Diabetes","432","Type 2 diabetes is a deadly disease that can rob you of your health before it takes your life. It can cause blindness, amputations, kidney dialysis, heart attack, and stroke. But, the good news is that it can...","a1c-labs; mindset; reversing-type-2-diabetes-journey; type-2-diabetes","health; mindset; Type 2 Diabetes","true","https://lessoflee.wordpress.com/2023/02/28/how-i-define-winning-against-type-2-diabetes/","../src/content/blog/2023-02-28-how-i-define-winning-against-type-2-diabetes.md"
"2023-03-01-choose-health-not-just-medication-8211-there8217s","2023-03-02","Choose health, not just medication – there’s no downside to getting healthier!","505","As someone who has gone through the journey of getting healthy through diet and exercise, I can confidently say that there is no downside to improving your health. For years, I relied solely on medication to manage my...","capability-recovery; exercise; feasting; food-addiction; mindset; reversing-type-2-diabetes-journey; type-2-diabetes","Diabetes; diet; exercise; fitness; health; low-carb; mindset","true","https://lessoflee.wordpress.com/2023/03/01/choose-health-not-just-medication-theres-no-downside-to-getting-healthier/","../src/content/blog/2023-03-01-choose-health-not-just-medication-8211-there8217s.md"
"2023-03-02-i-couldn8217t-until-i-could-8211-the-day-i-almost","2023-03-02","I couldn’t until I could – The Day I Almost Ran","77","A year ago today I was moved to tears because I could ALMOST, but not quite, run. I was up to speed walking, from starting with walking with a cane. That glorious spring day my body ACHED to...","capability-recovery; nsv; reversing-type-2-diabetes-journey","arthritis; NSV; osteoarthritis","true","https://lessoflee.wordpress.com/2023/03/02/i-couldnt-until-i-could-the-day-i-almost-ran/","../src/content/blog/2023-03-02-i-couldn8217t-until-i-could-8211-the-day-i-almost.md"
"2023-03-04-saturday-push-day-8211-man-in-the-mirror","2023-03-04","Saturday Push Day – Man In the Mirror","239","On Saturdays I push my limits. Today I did that by doing Tabata with sprints. Tabata is a form of High Intensity Interval Training. All out exercise of pretty much any form that gets your heart rate up...","exercise; mindset; reversing-type-2-diabetes-journey","exercise; fitness; mindset","true","https://lessoflee.wordpress.com/2023/03/04/saturday-push-day-man-in-the-mirror/","../src/content/blog/2023-03-04-saturday-push-day-8211-man-in-the-mirror.md"
"2023-03-11-saturday-push-day-8211-philosophy-of-the-push","2023-03-11","Saturday Push Day – Philosophy of the Push","215","There is a reason why I push myself – it is necessary to build muscle (and more). It's that bit of extra effort that brings the most benefit. When you get to the point where you want to...","a1c-labs; capability-recovery; exercise; mindset; reversing-type-2-diabetes-journey; type-2-diabetes","exercise; fitness; health; mindset","false","https://lessoflee.wordpress.com/2023/03/11/saturday-push-day-philosophy-of-the-push/","../src/content/blog/2023-03-11-saturday-push-day-8211-philosophy-of-the-push.md"
"2023-03-15-wednesday-push-from-the-couch-day","2023-03-16","Wednesday Push from the Couch Day","214","I’ve been writing about my Saturday Push Days…going just a little more and a bit farther.","mindset; nsv; reversing-type-2-diabetes-journey","fitness; health; mindset","true","https://lessoflee.wordpress.com/2023/03/15/wednesday-push-from-the-couch-day/","../src/content/blog/2023-03-15-wednesday-push-from-the-couch-day.md"
"2023-03-18-nsv-8211-no-longer-fatter-than-a-pregnant-woman","2023-03-18","NSV – no longer fatter than a pregnant woman","44","My 8 month pregnant daughter is wearing one of my old shirts. I am wearing the same. It’s larger than both she and I need.","family-responsibility; health-identity; nsv; reversing-type-2-diabetes-journey","weight-loss","true","https://lessoflee.wordpress.com/2023/03/18/nsv-no-longer-fatter-than-a-pregnant-woman/","../src/content/blog/2023-03-18-nsv-8211-no-longer-fatter-than-a-pregnant-woman.md"
"2023-03-18-saturday-push-day-8211-early-workout","2023-03-19","Saturday Push Day – Early Workout","84","Can’t push myself today as the kids are h back home and my oldest is having her baby shower today.","exercise; failure-restart; mindset; reversing-type-2-diabetes-journey","exercise; fitness; mindset","false","https://lessoflee.wordpress.com/2023/03/18/saturday-push-day-early-workout/","../src/content/blog/2023-03-18-saturday-push-day-8211-early-workout.md"
"2023-03-22-it8217s-the-food-making-us-sick","2023-03-22","It’s the FOOD making us sick.","146","Which I never seem to learn. The kids were back home for the weekend and my oldest's baby shower. A weekend of eating food ""a diabetic shouldn't eat"".","family-responsibility; reversing-type-2-diabetes-journey; type-2-diabetes","diet; NSNG","true","https://lessoflee.wordpress.com/2023/03/22/its-the-food-making-us-sick/","../src/content/blog/2023-03-22-it8217s-the-food-making-us-sick.md"
"2023-03-22-march-23-five-day-fast-begins","2023-03-22","March 23 Five Day Fast Begins","116","Time for this month’s five day water only fast. Making slow progress on weight loss, but slow progress over time still adds up.","fasting; reversing-type-2-diabetes-journey","extended fasting","true","https://lessoflee.wordpress.com/2023/03/22/march-23-five-day-fast-begins/","../src/content/blog/2023-03-22-march-23-five-day-fast-begins.md"
"2023-03-22-fit-and-fasting","2023-03-23","Fit and Fasting","133","Ok, I admit struggling for a title. It’s day 3 of this months fast and I just put in a high score on my workout.","exercise; fasting; reversing-type-2-diabetes-journey","extended fasting","true","https://lessoflee.wordpress.com/2023/03/22/fit-and-fasting/","../src/content/blog/2023-03-22-fit-and-fasting.md"
"2023-03-24-chicken-and-brats","2023-03-24","Chicken and Brats","110","Air fryer chicken and a couple brats and an egg surprise (mostly eaten before the pic).","feasting; reversing-type-2-diabetes-journey","food; low-carb; recipe","true","https://lessoflee.wordpress.com/2023/03/24/chicken-and-brats/","../src/content/blog/2023-03-24-chicken-and-brats.md"
"2023-03-25-i-have-arrived-at-a1c-of-52","2023-03-25","I Have Arrived at A1c of 5.2","360","Yes, my A1c hit a new low…5.2 –","a1c-labs; exercise; family-responsibility; mindset; reversing-type-2-diabetes-journey; type-2-diabetes","Diabetes; fitness; health; mindset; weight-loss","true","https://lessoflee.wordpress.com/2023/03/25/i-have-arrived-at-a1c-of-5-2/","../src/content/blog/2023-03-25-i-have-arrived-at-a1c-of-52.md"
"2023-03-25-saturday-push-day-8211-intensify","2023-03-26","Saturday Push Day – Intensify","284","It's Saturday – time to push the limits.","exercise; failure-restart; mindset; reversing-type-2-diabetes-journey","exercise; fitness; health; mindset","true","https://lessoflee.wordpress.com/2023/03/25/saturday-push-day-intensify/","../src/content/blog/2023-03-25-saturday-push-day-8211-intensify.md"
"2023-03-27-your-doctor-dont-matter-to-me","2023-03-28","Your Doctor Don’t Matter To Me","627","I love it, I must admit. Go ahead and tell me that . If I had ONLY listened to my own doctor, I’d still be a diabetic to this day. That was her plan for me. She had...","a1c-labs; capability-recovery; fasting; feasting; health-identity; mindset; reversing-type-2-diabetes-journey; type-2-diabetes","Diabetes; health; mindset","true","https://lessoflee.wordpress.com/2023/03/27/your-doctor-dont-matter-to-me/","../src/content/blog/2023-03-27-your-doctor-dont-matter-to-me.md"
"2023-03-29-cookin8217-038-dancin8217-in-our-tiny-kitchen","2023-03-30","Cookin’ & Dancin’ in Our Tiny Kitchen","115","I cook, she cooks, and sometimes we create culinary magic together. In our tiny kitchen, we're always bumping into each other. It's like dancing, really.","mindset; reversing-type-2-diabetes-journey","diet; health; mindset","true","https://lessoflee.wordpress.com/2023/03/29/cookin-dancin-in-our-tiny-kitchen/","../src/content/blog/2023-03-29-cookin8217-038-dancin8217-in-our-tiny-kitchen.md"
"2023-03-30-nsv-8211-a-triumph-at-opening-day-no-more-cane","2023-03-30","NSV – A Triumph at Opening Day: No More Cane","257","Last time my daughter and I visited Chicago, I relied on a cane to support me while walking. Today, I can't even recall the last time I needed the cane or the handicap sticker for my car. It's...","capability-recovery; family-responsibility; nsv; reversing-type-2-diabetes-journey; type-2-diabetes","Diabetes; fitness; health; NSV; weight-loss","true","https://lessoflee.wordpress.com/2023/03/30/nsv-a-triumph-at-opening-day-no-more-cane/","../src/content/blog/2023-03-30-nsv-8211-a-triumph-at-opening-day-no-more-cane.md"
"2023-04-01-saturday-push-day-8211-excuse-busters","2023-04-02","Saturday Push Day – Excuse Busters","300","Well, folks, I woke up today with a backpack full of excuses.","a1c-labs; capability-recovery; exercise; mindset; reversing-type-2-diabetes-journey","exercise; health; mindset; Supernatural","true","https://lessoflee.wordpress.com/2023/04/01/saturday-push-day-excuse-busters/","../src/content/blog/2023-04-01-saturday-push-day-8211-excuse-busters.md"
"2023-04-02-a1c-and-weight-loss-shocker","2023-04-03","A1c and Weight Loss Shocker!","204","Wanna lower your A1C score quick? Wanna lose about a pound instantly?","a1c-labs; exercise; reversing-type-2-diabetes-journey; type-2-diabetes","donate blood; health","true","https://lessoflee.wordpress.com/2023/04/02/a1c-and-weight-loss-shocker/","../src/content/blog/2023-04-02-a1c-and-weight-loss-shocker.md"
"2023-04-04-some-see-the-smile-two-sides-of-every-story","2023-04-05","Some See The Smile: Two Sides of Every Story","359","I'm known for my smile. People compliment me all the time about it. Occasionally, someone will point out my jacked teeth. Both observations are true. I have imperfect teeth and a wonderful smile. It just depends on what...","a1c-labs; reversing-type-2-diabetes-journey; type-2-diabetes","health; weight-loss","true","https://lessoflee.wordpress.com/2023/04/04/some-see-the-smile-two-sides-of-every-story/","../src/content/blog/2023-04-04-some-see-the-smile-two-sides-of-every-story.md"
"2023-04-06-keto-meatballs-via-air-fryer","2023-04-06","Keto Meatballs via Air Fryer","295","A new way (for me) to eat hamburger (delicious, nutritious amd easy on the budget).","feasting; reversing-type-2-diabetes-journey","Keto; recipe","true","https://lessoflee.wordpress.com/2023/04/06/keto-meatballs-via-air-fryer/","../src/content/blog/2023-04-06-keto-meatballs-via-air-fryer.md"
"2023-04-08-saturday-push-day-strikes-again-8211-running-farth","2023-04-08","Saturday Push Day Strikes Again – Running Farther","219","Hey folks, it's a brand-new week and we're back at another Saturday push day! Today's challenge: running farther than ever before.","capability-recovery; exercise; failure-restart; mindset; nsv; reversing-type-2-diabetes-journey","fitness; health; mindset","false","https://lessoflee.wordpress.com/2023/04/08/saturday-push-day-strikes-again-running-farther/","../src/content/blog/2023-04-08-saturday-push-day-strikes-again-8211-running-farth.md"
"2023-04-08-sausage-balls","2023-04-09","Sausage Balls","482","I liked the hamburger meatball recipe so much, I tried a similar recipe with sausage balls. I made a sour cream dip to go with.","feasting; reversing-type-2-diabetes-journey","recipe","true","https://lessoflee.wordpress.com/2023/04/08/sausage-balls/","../src/content/blog/2023-04-08-sausage-balls.md"
"2023-04-10-no-more-losing-abilities-without-a-fight","2023-04-11","No More Losing Abilities Without a Fight","348","I’m working so hard to gain back abilities I’d lost. I was aging well before my time. My world was getting smaller and I just kept accepting it.","capability-recovery; family-responsibility; health-identity; mindset; reversing-type-2-diabetes-journey; type-2-diabetes","health; mindset","true","https://lessoflee.wordpress.com/2023/04/10/no-more-losing-abilities-without-a-fight/","../src/content/blog/2023-04-10-no-more-losing-abilities-without-a-fight.md"
"2023-04-12-i-cantuntil-i-can-8211-prairie-walk","2023-04-13","I Can’t…Until I Can – Prairie Walk","302","Rediscovering the Prairie: A Journey of Personal Growth","capability-recovery; exercise; mindset; reversing-type-2-diabetes-journey","exercise; fitness; health; mindset","true","https://lessoflee.wordpress.com/2023/04/12/i-cantuntil-i-can-prairie-walk/","../src/content/blog/2023-04-12-i-cantuntil-i-can-8211-prairie-walk.md"
"2023-04-15-the-former-diabetic-8211-2-years-in-a1c-of-52-no-m","2023-04-15","The Former Diabetic – 2 Years In, A1c of 5.2, no meds","474","Two years ago, on April 22nd, I received a life-changing diagnosis. My A1c was 11.2, and my future looked bleak. “I’m going to go blind” and other fears grabbed my heart. I was prescribed the $1000/month Trulicity to...","a1c-labs; capability-recovery; exercise; health-identity; mindset; nsv; reversing-type-2-diabetes-journey; type-2-diabetes","Diabetes; health","true","https://lessoflee.wordpress.com/2023/04/15/the-former-diabetic-2-years-in-a1c-of-5-2-no-meds/","../src/content/blog/2023-04-15-the-former-diabetic-8211-2-years-in-a1c-of-52-no-m.md"
"2023-04-15-saturday-push-day-8211-a-workout-away-from-home","2023-04-16","Saturday Push Day – A Workout Away from Home","324","As part of my ongoing series about pushing myself to new heights in fitness, I faced a unique challenge this week: I went out of town for a family event. Therefore I couldn’t keep up with my Saturday...","capability-recovery; exercise; family-responsibility; health-identity; mindset; reversing-type-2-diabetes-journey","exercise; fitness; mindset","true","https://lessoflee.wordpress.com/2023/04/15/saturday-push-day-a-workout-away-from-home/","../src/content/blog/2023-04-15-saturday-push-day-8211-a-workout-away-from-home.md"
"2023-04-17-beyond-a1c-the-journey-to-health-recovery","2023-04-17","Beyond A1c: The Journey to Health Recovery","982","Two years ago, my A1c level was a staggering 11.2, and I relied on three medications to manage my type 2 diabetes. Today, my A1c has dropped to 5.2, and I no longer need any medications. On paper,...","a1c-labs; capability-recovery; exercise; failure-restart; health-identity; humor-voice; mindset; reversing-type-2-diabetes-journey; type-2-diabetes","Diabetes; health; mindset","true","https://lessoflee.wordpress.com/2023/04/17/beyond-a1c-the-journey-to-health-recovery/","../src/content/blog/2023-04-17-beyond-a1c-the-journey-to-health-recovery.md"
"2023-04-21-productive-terror","2023-04-22","Productive Terror","728","It’s April 22, 2021 and I finally met for the first time with a diabetes specialist. My regular doctor told me a couple years prior to do so, but I dragged my feet. I wasn’t taking my type...","a1c-labs; failure-restart; family-responsibility; mindset; reversing-type-2-diabetes-journey; type-2-diabetes","health; mindset; Type 2 Diabetes","true","https://lessoflee.wordpress.com/2023/04/21/productive-terror/","../src/content/blog/2023-04-21-productive-terror.md"
"2023-04-22-saturday-push-day-8211-fail-in-order-to-succeed","2023-04-22","Saturday Push Day – Fail in order to Succeed","407","It’s Saturday and time to push the limits, to make my world just a little bit bigger. I have my first actual 5k race coming up next month, so I decided to work on my speed. Speed being...","capability-recovery; exercise; failure-restart; mindset; reversing-type-2-diabetes-journey","fitness; mindset","true","https://lessoflee.wordpress.com/2023/04/22/saturday-push-day-fail-in-order-to-succeed/","../src/content/blog/2023-04-22-saturday-push-day-8211-fail-in-order-to-succeed.md"
"2023-04-23-italian-chaffles","2023-04-23","Italian Chaffles","451","Here is my take on chaffles I learned from the amazing KetoTwins on YouTube. These versatile chaffles are perfect for anyone following a low-carb or keto diet, and they make a fantastic base for a variety of meal...","feasting; reversing-type-2-diabetes-journey","Keto; recipe","true","https://lessoflee.wordpress.com/2023/04/23/1258/","../src/content/blog/2023-04-23-italian-chaffles.md"
"2023-04-23-sunday-recovery-day","2023-04-24","Sunday Recovery Day","106","Active recovery is light exercise like taking a spring walk after you’ve pushed yourself. You want to rest so your body can rebuild, but low intensity activity can help.","capability-recovery; exercise; reversing-type-2-diabetes-journey","exercise","true","https://lessoflee.wordpress.com/2023/04/23/sunday-recovery-day/","../src/content/blog/2023-04-23-sunday-recovery-day.md"
"2023-04-26-embracing-the-journey-of-learning-for-personal-gro","2023-04-27","Embracing the Journey of Learning for Personal Growth","269","It's a fact of life: no one excels at everything. There's always a wealth of knowledge waiting to be discovered, and embracing that learning process can lead to personal growth and improvement.","exercise; mindset; reversing-type-2-diabetes-journey; type-2-diabetes","fitness; health; mindset","true","https://lessoflee.wordpress.com/2023/04/26/embracing-the-journey-of-learning-for-personal-growth/","../src/content/blog/2023-04-26-embracing-the-journey-of-learning-for-personal-gro.md"
"2023-04-29-saturday-push-day-8211-grandpa-edition","2023-04-30","Saturday Push Day – Grandpa Edition","128","I’m a brand new grandpa…so of course it’s time to start slowing down. Right?!","exercise; reversing-type-2-diabetes-journey","exercise; health","false","https://lessoflee.wordpress.com/2023/04/29/saturday-push-day-grandpa-edition/","../src/content/blog/2023-04-29-saturday-push-day-8211-grandpa-edition.md"
"2023-04-30-what-i-see-vs-what-i-look-like","2023-04-30","What I See vs What I Look Like","188","I really enjoy working out with the Supernatural app in virtual reality. I made a short clip showing what I’m seeing as I work out vs what I actually look like working out in the hotel.","exercise; reversing-type-2-diabetes-journey","exercise; Meta Quest 2; Supernatural","false","https://lessoflee.wordpress.com/2023/04/30/what-i-see-vs-what-i-look-like/","../src/content/blog/2023-04-30-what-i-see-vs-what-i-look-like.md"
"2023-05-01-keto-tuna-cod-liver-and-crab-salad-with-avocado-ma","2023-05-01","Keto Tuna, Cod Liver, and Crab Salad with Avocado Mayo","295","• 1 can (3.75 oz.) cod livers, drained","feasting; reversing-type-2-diabetes-journey","Keto; recipe","true","https://lessoflee.wordpress.com/2023/05/01/keto-tuna-cod-liver-and-crab-salad-with-avocado-mayo/","../src/content/blog/2023-05-01-keto-tuna-cod-liver-and-crab-salad-with-avocado-ma.md"
"2023-05-02-i-cantuntil-i-can-8211-mow-the-lawn","2023-05-02","I Can’t…Until I Can – Mow the Lawn","404","I confess, I was raised to think that certain jobs were “a man’s job”. Taking out the trash, mowing the lawn among them. Mowing the lawn was my job. The day came when I was working two jobs...","a1c-labs; capability-recovery; exercise; health-identity; mindset; reversing-type-2-diabetes-journey; type-2-diabetes","fitness; health; mindset","true","https://lessoflee.wordpress.com/2023/05/02/i-cantuntil-i-can-mow-the-lawn/","../src/content/blog/2023-05-02-i-cantuntil-i-can-8211-mow-the-lawn.md"
"2023-05-02-keto-pork-and-beef-chili","2023-05-02","Keto Pork and Beef Chili","251","Heat a large cast iron skillet over medium heat.","feasting; reversing-type-2-diabetes-journey","chili; Keto; recipe","true","https://lessoflee.wordpress.com/2023/05/02/keto-pork-and-beef-chili/","../src/content/blog/2023-05-02-keto-pork-and-beef-chili.md"
"2023-05-02-keto-strawberry-ice-cream-from-cottage-cheese","2023-05-02","Keto Strawberry Ice Cream from Cottage Cheese","227","Here is a recipe for keto ice cream using cottage cheese, frozen strawberries, and Lakanto powdered monkfruit:","feasting; food-addiction; reversing-type-2-diabetes-journey","ice cream; Keto; recipe","true","https://lessoflee.wordpress.com/2023/05/02/keto-strawberry-ice-cream-from-cottage-cheese/","../src/content/blog/2023-05-02-keto-strawberry-ice-cream-from-cottage-cheese.md"
"2023-05-06-saturday-push-day-8211-race-prep","2023-05-07","Saturday Push Day – Race Prep","194","12 days away from my first race. Working to up my speed. I doubt I’ll beat any runner but hopefully I can run faster than the walkers","capability-recovery; exercise; mindset; reversing-type-2-diabetes-journey","fitness; health; mindset","false","https://lessoflee.wordpress.com/2023/05/06/saturday-push-day-race-prep/","../src/content/blog/2023-05-06-saturday-push-day-8211-race-prep.md"
"2023-05-14-saturday-push-past-excuses-day","2023-05-14","Saturday Push Past Excuses Day","167","Those and more kept me from working out Saturday until about 6:30pm. I finally pushed past my excuses and went out to run a 5k.","capability-recovery; exercise; family-responsibility; mindset; reversing-type-2-diabetes-journey","exercise; fitness; mindset","false","https://lessoflee.wordpress.com/2023/05/14/saturday-push-past-excuses-day/","../src/content/blog/2023-05-14-saturday-push-past-excuses-day.md"
"2023-05-15-hard-is-mandatory-for-maintaining-ability","2023-05-16","Hard Is Mandatory For Maintaining Ability","251","If you don’t do that which is hard you may find the day comes when that which is necessary has become impossible.","capability-recovery; exercise; family-responsibility; mindset; reversing-type-2-diabetes-journey","exercise; fitness; health; mindset","true","https://lessoflee.wordpress.com/2023/05/15/hard-is-mandatory-for-maintaining-ability/","../src/content/blog/2023-05-15-hard-is-mandatory-for-maintaining-ability.md"
"2023-05-19-keto-brats-and-peppers-in-an-alfredo-sauce","2023-05-19","Keto Brats and Peppers in an Alfredo Sauce","448","This was absolutely delicious. Easy to customize with your own favorite sausage and veggies. Every ingredient is diabetic friendly. All from scratch, no mystery ingredients.","feasting; reversing-type-2-diabetes-journey; type-2-diabetes","Keto; NSNG; recipe","true","https://lessoflee.wordpress.com/2023/05/19/keto-brats-and-peppers-in-an-alfredo-sauce/","../src/content/blog/2023-05-19-keto-brats-and-peppers-in-an-alfredo-sauce.md"
"2023-05-19-running-my-own-race","2023-05-19","Running My Own Race","527","I ran my first race this Thursday along with 30,000 other runners. I’ve come a long way from walking with a cane and driving with a handicap sticker.","capability-recovery; family-responsibility; mindset; reversing-type-2-diabetes-journey","fitness; health; mindset","true","https://lessoflee.wordpress.com/2023/05/19/running-my-own-race/","../src/content/blog/2023-05-19-running-my-own-race.md"
"2023-05-20-saturday-rest-day","2023-05-20","Saturday Rest Day","239","2 days ago I ran the JP Morgan Corporate Challenge 3.5 mile race in Chicago. My first ever race of any kind. 30,000 participants on the streets of Chicago.","capability-recovery; exercise; reversing-type-2-diabetes-journey; type-2-diabetes","fitness; health","true","https://lessoflee.wordpress.com/2023/05/20/saturday-rest-day/","../src/content/blog/2023-05-20-saturday-rest-day.md"
"2023-05-24-you-must-eat-your-fat","2023-05-24","You Must Eat Your Fat","654","Eww, eat your fat? Sounds disgusting. And yet, that’s really what you desire to do when you need to lose weight. The only weight of concern is the excess fat. And the only way to lose the fat...","a1c-labs; capability-recovery; exercise; fasting; reversing-type-2-diabetes-journey; type-2-diabetes","extended fasting; health; weight-loss","true","https://lessoflee.wordpress.com/2023/05/24/you-must-eat-your-fat/","../src/content/blog/2023-05-24-you-must-eat-your-fat.md"
"2023-05-26-friday-push-day-8211-the-heart-is-a-muscle","2023-05-27","Friday Push Day – The Heart is a Muscle","721","This week’s thought is that I’m not “running a race” as much as I’m “weightlifting for my heart”. The heart, after all is a muscle and like all muscles, you must put it under stress to kick off...","a1c-labs; capability-recovery; exercise; food-addiction; mindset; reversing-type-2-diabetes-journey","fitness; health; mindset","true","https://lessoflee.wordpress.com/2023/05/26/friday-push-day-the-heart-is-a-muscle/","../src/content/blog/2023-05-26-friday-push-day-8211-the-heart-is-a-muscle.md"
"2023-06-01-liver-and-onions-recipe","2023-06-02","Liver and Onions Recipe","245","A simple recipe for Liver and Onions using Pork Panko instead of flour:","feasting; reversing-type-2-diabetes-journey","health; recipe","true","https://lessoflee.wordpress.com/2023/06/01/liver-and-onions-recipe/","../src/content/blog/2023-06-01-liver-and-onions-recipe.md"
"2023-06-03-saturday-push-day-8211-positive-self-talk","2023-06-03","Saturday Push Day – Positive Self Talk","275","Be as encouraging to yourself as you are to others. This thought came to me as I’m out on the trail pushing myself that much more and going a bit farther. My heart rate was above 90% of...","exercise; mindset; reversing-type-2-diabetes-journey","exercise; fitness; mindset","true","https://lessoflee.wordpress.com/2023/06/03/saturday-push-day-positive-self-talk/","../src/content/blog/2023-06-03-saturday-push-day-8211-positive-self-talk.md"
"2023-06-03-we8217re-not-going-to-take-weakness","2023-06-03","We’re Not Going to Take Weakness","79","I love my Supernatural workouts. I’m in my hotel room but Supernatural transports me to beautiful places.","exercise; mindset; reversing-type-2-diabetes-journey","exercise; fitness; mindset","false","https://lessoflee.wordpress.com/2023/06/03/were-not-going-to-take-weakness/","../src/content/blog/2023-06-03-we8217re-not-going-to-take-weakness.md"
"2023-06-10-saturday-push-day-8211-because-im-loved-and-needed","2023-06-10","Saturday Push Day – Because I’m Loved and Needed","321","It’s Saturday and time to go push my limits. Woke up not feeling like going out to push myself. Then I got a late start as my month old grandson was having himself a nice nap on my...","capability-recovery; exercise; family-responsibility; mindset; reversing-type-2-diabetes-journey; type-2-diabetes","exercise; fitness; health; mindset","true","https://lessoflee.wordpress.com/2023/06/10/saturday-push-day-because-im-loved-and-needed/","../src/content/blog/2023-06-10-saturday-push-day-8211-because-im-loved-and-needed.md"
"2023-06-18-saturday-push-day-8211-listen-to-your-body","2023-06-18","Saturday Push Day – Listen To Your Body","343","Sometimes your body has different ideas than your goals. I went out to run a 5k and push myself that bit faster. About a kilometer in, I got some cramping in my shin. Do I push through? I...","capability-recovery; exercise; mindset; reversing-type-2-diabetes-journey","exercise; fitness; health; mindset","false","https://lessoflee.wordpress.com/2023/06/18/saturday-push-day-listen-to-your-body/","../src/content/blog/2023-06-18-saturday-push-day-8211-listen-to-your-body.md"
"2023-06-26-saturday-push-day-8211-4-minutes-of-hellglory","2023-06-26","Saturday Push Day – 4 Minutes of Hell/Glory","526","What can you do good for your body that takes only 4 minutes? Tabata – a form of high intensity interval training.","a1c-labs; capability-recovery; exercise; mindset; reversing-type-2-diabetes-journey; type-2-diabetes","exercise; fitness; health; mindset","false","https://lessoflee.wordpress.com/2023/06/26/saturday-push-day-4-minutes-of-hell-glory/","../src/content/blog/2023-06-26-saturday-push-day-8211-4-minutes-of-hellglory.md"
"2023-07-03-saturday-push-day-8211-no-longer-fragile","2023-07-03","Saturday Push Day – No Longer Fragile","172","Today is the first day of vacation and I went out for my push day run when the thought “what if I injure myself and screw up my vacation?” hit me.","capability-recovery; exercise; health-identity; mindset; reversing-type-2-diabetes-journey","exercise; fitness; health; mindset","false","https://lessoflee.wordpress.com/2023/07/03/saturday-push-day-no-longer-fragile/","../src/content/blog/2023-07-03-saturday-push-day-8211-no-longer-fragile.md"
"2023-07-03-you-build-your-health","2023-07-03","You Build Your Health","503","I’m enjoying vacation and reflecting how far I’ve come over the last two years. I’ve healed my type 2 diabetes, and made great progress in overcoming osteoarthritis in my knees.","a1c-labs; capability-recovery; exercise; family-responsibility; mindset; reversing-type-2-diabetes-journey; type-2-diabetes","health; mindset","true","https://lessoflee.wordpress.com/2023/07/03/you-build-your-health/","../src/content/blog/2023-07-03-you-build-your-health.md"
"2023-07-08-keto-buffalo-ranch-crunchy-pork-chops","2023-07-08","Keto Buffalo Ranch Crunchy Pork Chops","341","Man these were good. Air fryer pork chops with a pork panko and Parmesan crust seasoned with Eat Happy Kitchen’s dill spice.","feasting; reversing-type-2-diabetes-journey","carnivore; Keto; recipe","true","https://lessoflee.wordpress.com/2023/07/08/keto-buffalo-ranch-crunchy-pork-chops/","../src/content/blog/2023-07-08-keto-buffalo-ranch-crunchy-pork-chops.md"
"2023-07-08-saturday-push-day-8211-it-takes-both-wings","2023-07-08","Saturday Push Day – It Takes Both Wings","373","Which wing on an airplane is the important one? Is it the right, or the left? Well, I’ve been guilty of flying my “health plane” as if only the “exercise wing” was important. I have been neglecting the...","exercise; mindset; nsv; reversing-type-2-diabetes-journey","exercise; fitness; health; mindset","false","https://lessoflee.wordpress.com/2023/07/08/saturday-push-day-it-takes-both-wings/","../src/content/blog/2023-07-08-saturday-push-day-8211-it-takes-both-wings.md"
"2023-07-11-upping-my-walks-with-a-weighted-vest","2023-07-12","Upping My Walks with a Weighted Vest","203","As my fitness level has improved, my walks need a little more umph…but something much less than speed walking or running. Tonight I tried a weighted vest. I put six pounds in it for an easy start.","capability-recovery; exercise; reversing-type-2-diabetes-journey","exercise; fitness; health","true","https://lessoflee.wordpress.com/2023/07/11/upping-my-walks-with-a-weighted-vest/","../src/content/blog/2023-07-11-upping-my-walks-with-a-weighted-vest.md"
"2023-07-16-saturday-push-day-8211-pushing-for-safety","2023-07-16","Saturday Push Day – Pushing for Safety","282","A very humid day and my trails were muddy so my run was on asphalt. I got my heart rate up but could not sustain it on this day. I did a little running and a lot of...","capability-recovery; exercise; mindset; nsv; reversing-type-2-diabetes-journey","exercise; fitness; health; mindset","false","https://lessoflee.wordpress.com/2023/07/16/saturday-push-day-pushing-for-safety/","../src/content/blog/2023-07-16-saturday-push-day-8211-pushing-for-safety.md"
"2023-07-20-two-years-med-free-8211-health-recovery","2023-07-21","Two Years Med Free – Health Recovery","664","Two years ago, I was facing a life tethered to an insulin pump. Today, I'm running 5Ks med-free! Just three months prior I had met with the diabetes specialist for the first time. My A1c was 11.2. The...","a1c-labs; capability-recovery; exercise; fasting; feasting; health-identity; mindset; reversing-type-2-diabetes-journey; type-2-diabetes","Diabetes; exercise; fitness; health; low-carb; mindset; weight-loss","true","https://lessoflee.wordpress.com/2023/07/20/two-years-med-free-health-recovery/","../src/content/blog/2023-07-20-two-years-med-free-8211-health-recovery.md"
"2023-07-22-the-mindset-of-maintenance-and-hard-work","2023-07-22","The Mindset of Maintenance and Hard Work","418","I put up an AI generated photo of me, but this is the real version. It took a lot of work, to get to this point. My health recovery journey has been going for over two years. I’ve...","a1c-labs; capability-recovery; exercise; failure-restart; mindset; reversing-type-2-diabetes-journey; type-2-diabetes","fitness; health; mindset","true","https://lessoflee.wordpress.com/2023/07/22/the-mindset-of-maintenance-and-hard-work/","../src/content/blog/2023-07-22-the-mindset-of-maintenance-and-hard-work.md"
"2023-07-23-saturday-push-day-8211-i-needed-this-one","2023-07-23","Saturday Push Day – I Needed This One","325","It’s been “terrible, horrible, no good, very bad, day”. No need for the details, just setting the stage for my mindset when I arrived back home at 7:30pm in the evening. I hadn’t done my “Saturday Push Day”....","exercise; mindset; reversing-type-2-diabetes-journey","exercise; fitness; health; mindset","true","https://lessoflee.wordpress.com/2023/07/23/saturday-push-day-i-needed-this-one/","../src/content/blog/2023-07-23-saturday-push-day-8211-i-needed-this-one.md"
"2023-07-25-stress-and-the-cottage-cheese-fiasco","2023-07-25","Stress and the Cottage Cheese Fiasco","457","I came home last night in need of rest and de-stressing. I open the fridge and a tub of cottage cheese falls out and makes a mess.","food-addiction; mindset; reversing-type-2-diabetes-journey","health; mindset; stress management","true","https://lessoflee.wordpress.com/2023/07/25/stress-and-the-cottage-cheese-fiasco/","../src/content/blog/2023-07-25-stress-and-the-cottage-cheese-fiasco.md"
"2023-07-31-saturday-push-day-8211-yard-work-ability","2023-07-31","Saturday Push Day – Yard Work-ability","319","The reward for years of hard work – is yard work.","capability-recovery; exercise; family-responsibility; mindset; reversing-type-2-diabetes-journey; type-2-diabetes","fitness; health; mindset","true","https://lessoflee.wordpress.com/2023/07/31/saturday-push-day-yard-work-ability/","../src/content/blog/2023-07-31-saturday-push-day-8211-yard-work-ability.md"
"2023-08-04-walking-wont-get-you-everywhere-you-want-to-be","2023-08-04","Walking Won’t Get You Everywhere You Want to Be","742","“You don’t need to run, walking is good enough”. Depends on your health goals. When I started working on my health, walking itself was a challenge. This isn’t a post to knock walking, or take away from how...","capability-recovery; exercise; failure-restart; family-responsibility; health-identity; mindset; reversing-type-2-diabetes-journey","exercise; fitness; health; mindset","true","https://lessoflee.wordpress.com/2023/08/04/walking-wont-get-you-everywhere-you-want-to-be/","../src/content/blog/2023-08-04-walking-wont-get-you-everywhere-you-want-to-be.md"
"2023-08-05-saturday-push-day-8211-hard-intentionally","2023-08-05","Saturday Push Day – Hard, Intentionally","498","I am a man who likes convenience. Love my smart phone. Love ordering groceries and having them delivered. Love shopping on Amazon. When it comes to my body, though, I am learning to embrace “hard”.","capability-recovery; exercise; mindset; reversing-type-2-diabetes-journey","exercise; fitness; health; mindset","true","https://lessoflee.wordpress.com/2023/08/05/saturday-push-day-hard-intentionally/","../src/content/blog/2023-08-05-saturday-push-day-8211-hard-intentionally.md"
"2023-08-17-a-little-more","2023-08-17","A Little More","364","This morning, as rain tapped against my window, I embarked on a Supernatural VR workout. I had initially set my sights on the ""medium level,"" but an unfamiliar routine caught my eye: a Hard level, accompanied by my...","exercise; mindset; reversing-type-2-diabetes-journey","exercise; fitness; health; mindset","true","https://lessoflee.wordpress.com/2023/08/17/a-little-more/","../src/content/blog/2023-08-17-a-little-more.md"
"2023-08-19-saturday-push-day-8211-running-for-the-heart","2023-08-19","Saturday Push Day – Running For the Heart","430","I’ve been criticized for running as I have osteoarthritis. “Running is bad for the knees”. Well, I’m sure that improper running for unhealthy durations without the necessary recovery can certainly be harmful. Anything done to excess or improperly...","capability-recovery; exercise; mindset; reversing-type-2-diabetes-journey; type-2-diabetes","exercise; fitness; health; mindset","true","https://lessoflee.wordpress.com/2023/08/19/saturday-push-day-running-for-the-heart/","../src/content/blog/2023-08-19-saturday-push-day-8211-running-for-the-heart.md"
"2023-08-23-beat-the-heat","2023-08-23","Beat the Heat","43","The grand-dog and I beat the heat with an early morning walk. Going up to 110f/43c today. Good day to be an office worker.","exercise; mindset; reversing-type-2-diabetes-journey","exercise; mindset","false","https://lessoflee.wordpress.com/2023/08/23/beat-the-heat/","../src/content/blog/2023-08-23-beat-the-heat.md"
"2023-08-23-one-gallon-of-blood-8211-less-of-lee","2023-08-24","One Gallon of Blood – Less of Lee","449","This past time I gave blood, I completed my first gallon. I saw on the wall others who had given 13 gallons, so I have a ways to go :). Giving blood saves lives. If you can, I...","a1c-labs; exercise; failure-restart; fasting; feasting; reversing-type-2-diabetes-journey; type-2-diabetes","donate blood; health","true","https://lessoflee.wordpress.com/2023/08/23/one-gallon-of-blood-less-of-lee/","../src/content/blog/2023-08-23-one-gallon-of-blood-8211-less-of-lee.md"
"2023-09-02-saturday-push-day-8211-no-longer-fragile","2023-09-03","Saturday Push Day – No Longer Fragile","172","Today is the first day of vacation and I went out for my push day run when the thought “what if I injure myself and screw up my vacation?” hit me.","capability-recovery; exercise; health-identity; reversing-type-2-diabetes-journey","","false","https://lessoflee.wordpress.com/2023/09/02/saturday-push-day-no-longer-fragile-2/","../src/content/blog/2023-09-02-saturday-push-day-8211-no-longer-fragile.md"
"2023-09-02-saturday-push-day-8211-unemployed-episode","2023-09-03","Saturday Push Day – Unemployed Episode","437","As happens in my career, I’m out of work as of yesterday. What better time to go out and push my body, work out my stress and frustration.","capability-recovery; exercise; family-responsibility; humor-voice; mindset; reversing-type-2-diabetes-journey","","true","https://lessoflee.wordpress.com/2023/09/02/saturday-push-day-unemployed-episode/","../src/content/blog/2023-09-02-saturday-push-day-8211-unemployed-episode.md"
"2023-09-04-two-supernatural-years","2023-09-05","Two Supernatural Years!","498","Two years ago I was only a few months into my health reclamation journey. I had brought my A1c from 11.2 to 6.5 and gotten off all diabetes meds. I can’t remember the exact date I stopped needing...","a1c-labs; capability-recovery; exercise; health-identity; mindset; reversing-type-2-diabetes-journey; type-2-diabetes","exercise; fitness; health; mindset","false","https://lessoflee.wordpress.com/2023/09/04/two-supernatural-years/","../src/content/blog/2023-09-04-two-supernatural-years.md"
"2023-09-13-talk-to-your-doctor","2023-09-13","Talk To Your Doctor","615","I know I can sometimes come across as someone who “doesn’t listen to doctors”. And for sure, I have my reasons. I would still be diabetic today if I had listened to my doctor who told me, ‘Diabetes...","a1c-labs; capability-recovery; exercise; fasting; feasting; health-identity; humor-voice; mindset; reversing-type-2-diabetes-journey; type-2-diabetes","Diabetes; fitness; health; mindset","true","https://lessoflee.wordpress.com/2023/09/13/talk-to-your-doctor/","../src/content/blog/2023-09-13-talk-to-your-doctor.md"
"2023-09-13-keto-liver-and-onions","2023-09-14","Keto Liver and Onions","521","– 1 lb beef liver, sliced into 1/4-inch to 1/2-inch pieces","feasting; reversing-type-2-diabetes-journey","recipe","true","https://lessoflee.wordpress.com/2023/09/13/keto-liver-and-onions/","../src/content/blog/2023-09-13-keto-liver-and-onions.md"
"2023-09-16-saturday-moderate-day","2023-09-16","Saturday Moderate Day","211","Last week I had a micro stroke in my right eye. Retina, not brain. I asked the eye doctor about any needed limits on exercise. He thought moderate would be fine but to talk to my regular doctor.","a1c-labs; capability-recovery; exercise; health-identity; mindset; reversing-type-2-diabetes-journey; type-2-diabetes","exercise; fitness; health","true","https://lessoflee.wordpress.com/2023/09/16/saturday-moderate-day/","../src/content/blog/2023-09-16-saturday-moderate-day.md"
"2023-09-16-the-ex-diabetic","2023-09-16","The Ex-Diabetic","688","I find it odd how controversial the phrase “ex-diabetic” is. Would anyone think twice about someone claiming to be “Formerly Fat”? No one says “once fat, always fat”. And yet folks cling to the phrase “once a diabetic,...","a1c-labs; capability-recovery; exercise; failure-restart; health-identity; reversing-type-2-diabetes-journey; type-2-diabetes","Diabetes; health","true","https://lessoflee.wordpress.com/2023/09/16/the-ex-diabetic/","../src/content/blog/2023-09-16-the-ex-diabetic.md"
"2023-09-16-what-is-type-2-diabetes","2023-09-17","What is Type 2 Diabetes","956","I think the furor over the phrase ex-diabetic starts with a fundamental misunderstanding of what Type 2 Diabetes actually is.","a1c-labs; food-addiction; health-identity; mindset; reversing-type-2-diabetes-journey; type-2-diabetes","Diabetes; health","true","https://lessoflee.wordpress.com/2023/09/16/what-is-type-2-diabetes/","../src/content/blog/2023-09-16-what-is-type-2-diabetes.md"
"2023-09-17-highway-to-well","2023-09-17","Highway to Well","481","I just did a cardio workout with Supernatural (a VR app) – a “Super Monster” high level routine. 12 fun rock songs with amazing choreography.","a1c-labs; exercise; reversing-type-2-diabetes-journey; type-2-diabetes","exercise; fitness; health","true","https://lessoflee.wordpress.com/2023/09/17/highway-to-well/","../src/content/blog/2023-09-17-highway-to-well.md"
"2023-09-24-exercise-is-medicinal","2023-09-25","Exercise is Medicinal","629","It’s Saturday Push Day and I am still working at a moderate exercise level in the wake of having a micro stroke in my eye. I’ve talked to my eye specialist about any limits on exercise intensity given...","a1c-labs; exercise; reversing-type-2-diabetes-journey; type-2-diabetes","exercise; fitness; health","false","https://lessoflee.wordpress.com/2023/09/24/exercise-is-medicinal/","../src/content/blog/2023-09-24-exercise-is-medicinal.md"
"2023-09-30-work-your-way-off-the-edge","2023-09-30","Work Your Way Off The Edge","1021","Two years ago I was standing at the edge of a cliff, a health cliff. This post is more of a “learn from me” for those early in their disease state. Life on the edge of health sucks....","a1c-labs; capability-recovery; exercise; failure-restart; mindset; reversing-type-2-diabetes-journey; type-2-diabetes","exercise; fitness; health","true","https://lessoflee.wordpress.com/2023/09/30/work-your-way-off-the-edge/","../src/content/blog/2023-09-30-work-your-way-off-the-edge.md"
"2023-10-03-happy-healing-stories","2023-10-03","Happy Healing Stories","813","There are long term health issues like type 2 diabetes and osteoarthritis that I deal with. Then there are the short term or instantaneous happenings. I have had 3 of the latter this year, two of which have...","a1c-labs; capability-recovery; exercise; failure-restart; fasting; health-identity; mindset; reversing-type-2-diabetes-journey; type-2-diabetes","Diabetes; diet; exercise; fitness; health; healthy-living; Intermittent Fasting; mindset; The Diabetes Code","true","https://lessoflee.wordpress.com/2023/10/03/happy-healing-stories/","../src/content/blog/2023-10-03-happy-healing-stories.md"
"2023-10-04-diabetes-and-glaucoma","2023-10-05","Diabetes and Glaucoma","731","There are several ways that Type 2 Diabetes affects eye health. In fact, diabetes is the 1 cause of blindness. Diabetic retinopathy is the primary way that diabetics lose their sight – but it’s glaucoma that I am...","a1c-labs; exercise; feasting; health-identity; reversing-type-2-diabetes-journey; type-2-diabetes","Diabetes; eye sight; glaucoma; health","true","https://lessoflee.wordpress.com/2023/10/04/diabetes-and-glaucoma/","../src/content/blog/2023-10-04-diabetes-and-glaucoma.md"
"2023-10-05-the-metabolic-connection-to-oa","2023-10-06","The Metabolic Connection to OA","446","What if OA is not mechanically based, not about overuse or injury, rather it springs from diet and lifestyle as most all metabolic diseases do? I have been puzzled to explain the improvement in my OA knees. Just...","a1c-labs; capability-recovery; exercise; fasting; reversing-type-2-diabetes-journey; type-2-diabetes","arthritis; Diabetes; exercise; fitness; health; osteoarthritis","true","https://lessoflee.wordpress.com/2023/10/05/the-metabolic-connection-to-oa/","../src/content/blog/2023-10-05-the-metabolic-connection-to-oa.md"
"2023-10-11-fire-feels-good","2023-10-12","Fire Feels Good","391","No – not THAT kind of fire. I’m talking about the kind of exercise that strains your muscles so that you feel the burn","capability-recovery; exercise; failure-restart; reversing-type-2-diabetes-journey","exercise; fitness; health","true","https://lessoflee.wordpress.com/2023/10/11/fire-feels-good/","../src/content/blog/2023-10-11-fire-feels-good.md"
"2023-10-14-he-needs-his-pawpaw","2023-10-14","He Needs His Pawpaw","455","He didn’t even exist April of '21 when I began my health reclamation journey. But now he’s here and I have one more person counting on me. My wife needs me. My three adult children need me. I'm...","capability-recovery; failure-restart; family-responsibility; humor-voice; mindset; reversing-type-2-diabetes-journey; type-2-diabetes","health; mindset","true","https://lessoflee.wordpress.com/2023/10/14/he-needs-his-pawpaw/","../src/content/blog/2023-10-14-he-needs-his-pawpaw.md"
"2023-10-14-saturday-push-day-resumes","2023-10-14","Saturday Push Day Resumes","766","It’s been six weeks since the micro-stroke in my right eye. Out of an abundance of caution, I refrained from high intensity exercise. The blood in my eye that obscures my vision continues to be absorbed and my...","a1c-labs; capability-recovery; exercise; family-responsibility; mindset; reversing-type-2-diabetes-journey; type-2-diabetes","Diabetes; exercise; fitness; health; mindset","true","https://lessoflee.wordpress.com/2023/10/14/saturday-push-day-resumes/","../src/content/blog/2023-10-14-saturday-push-day-resumes.md"
"2023-10-23-when-is-a-push-not-a-push-8211-saturday-push-day","2023-10-24","When is a Push not a Push? – Saturday Push Day","446","Once a week I endeavor to get my heart rate up to 95% of max. But my improving fitness is making this more challenging. The heart itself is a muscle and like any muscle, you apply stress to...","exercise; mindset; reversing-type-2-diabetes-journey","exercise; fitness; mindset","true","https://lessoflee.wordpress.com/2023/10/23/when-is-a-push-not-a-push-saturday-push-day/","../src/content/blog/2023-10-23-when-is-a-push-not-a-push-8211-saturday-push-day.md"
"2023-10-27-biscuits-to-live-for","2023-10-28","Biscuits to Live For","227","OMG – people – I have discovered “diabetic” friendly, keto biscuits that taste like regular biscuits. Gluten free and only 1 carb per biscuit.","feasting; reversing-type-2-diabetes-journey; type-2-diabetes","Diabetes; recipe","true","https://lessoflee.wordpress.com/2023/10/27/biscuits-to-live-for/","../src/content/blog/2023-10-27-biscuits-to-live-for.md"
"2023-11-01-i-cant-until-i-can-8211-box-on-the-high-level","2023-11-02","I Can’t … Until I Can – Box on the High Level","366","It’s been awhile since I wrote a “I can’t … until I can” post. I’m 2.5 years into my health reclamation journey. There were so many things I couldn’t do, that now I can. I have added another...","capability-recovery; exercise; health-identity; reversing-type-2-diabetes-journey","exercise; fitness; health","true","https://lessoflee.wordpress.com/2023/11/01/i-cant-until-i-can-box-on-the-high-level/","../src/content/blog/2023-11-01-i-cant-until-i-can-8211-box-on-the-high-level.md"
"2023-11-03-i-cant-until-i-can-8211-make-bread","2023-11-03","I Can’t … Until I Can – Make Bread","439","Normally these “Until I Can” posts are about reclaiming physical abilities. But – folks – I can now make bread from scratch! We have a “two for” here. One is that I can make bread at all. Two...","family-responsibility; feasting; food-addiction; reversing-type-2-diabetes-journey; type-2-diabetes","Keto; low-carb; recipe","true","https://lessoflee.wordpress.com/2023/11/03/i-cant-until-i-can-make-bread/","../src/content/blog/2023-11-03-i-cant-until-i-can-8211-make-bread.md"
"2023-11-04-healing-is-a-natural-process","2023-11-04","Healing Is A Natural Process","455","It’s interesting how we react to claims of healing. Stories of the miraculous, of faith or mysticism. What of just plain old “the body has healing mechanisms”? It’s true we just don’t often think of it that way.","a1c-labs; capability-recovery; exercise; fasting; mindset; reversing-type-2-diabetes-journey; type-2-diabetes","Diabetes; exercise; health; mindset","true","https://lessoflee.wordpress.com/2023/11/04/healing-is-a-natural-process/","../src/content/blog/2023-11-04-healing-is-a-natural-process.md"
"2023-11-04-eye-update-and-saturday-push-day","2023-11-05","Eye Update and Saturday Push Day","486","A few months ago I had a micro-stroke in my right eye. A blood vessel burst and the fluid in my eye was so much that I couldn’t read. I went to a specialist right away, and had...","a1c-labs; capability-recovery; exercise; fasting; feasting; reversing-type-2-diabetes-journey; type-2-diabetes","Diabetes; exercise; fitness; health","true","https://lessoflee.wordpress.com/2023/11/04/eye-update-and-saturday-push-day/","../src/content/blog/2023-11-04-eye-update-and-saturday-push-day.md"
"2023-11-05-home-made-bread-and-tuna-salad","2023-11-05","Home Made Bread and Tuna Salad","164","Enjoying the bread I made following VictoriasKetoKitchen.net recipe. It’s less than a carb per slice, tastes and feels 90% like normal white bread. Also gluten free.","feasting; reversing-type-2-diabetes-journey","Rex ipe","true","https://lessoflee.wordpress.com/2023/11/05/home-made-bread-and-tuna-salad/","../src/content/blog/2023-11-05-home-made-bread-and-tuna-salad.md"
"2023-11-25-take-off-the-spiked-shoes","2023-11-25","Take Off the Spiked Shoes","971","Imagine having a boat with a thin wood floor and you are walking around with spiked shoes on. You look behind you and see the boat has sprung a leak. So you put a patch on the leak....","a1c-labs; capability-recovery; exercise; failure-restart; fasting; feasting; food-addiction; mindset; reversing-type-2-diabetes-journey; type-2-diabetes","","true","https://lessoflee.wordpress.com/2023/11/25/take-off-the-spiked-shoes/","../src/content/blog/2023-11-25-take-off-the-spiked-shoes.md"
"2023-12-06-14-days-with-no-food","2023-12-07","14 Days With No Food","766","I’m embarking on my longest fast to date – 14 days. Extended fasting is a health practice. I can already hear people say “you gotta be safe”. And they are right. What most people don’t understand is that...","a1c-labs; exercise; failure-restart; fasting; mindset; nsv; reversing-type-2-diabetes-journey; type-2-diabetes","extended fasting; Fasting; health; mindset","true","https://lessoflee.wordpress.com/2023/12/06/14-days-with-no-food/","../src/content/blog/2023-12-06-14-days-with-no-food.md"
"2023-12-07-that-time-exercise-was-bad-day-2-of-my-14-day-fast","2023-12-08","That Time Exercise Was Bad (Day 2 of my 14 Day Fast)","893","I was in my 30s and a couch potato. A friend suggested we work out together. We maxed out every muscle group. Lifted to failure for the biceps, triceps, upper leg, lower leg, abs. Yeah baby…we went hard!...","a1c-labs; capability-recovery; exercise; failure-restart; fasting; mindset; reversing-type-2-diabetes-journey; type-2-diabetes","exercise; extended fasting; Fasting; health; weight loss","true","https://lessoflee.wordpress.com/2023/12/07/that-time-exercise-was-bad-day-2-of-my-14-day-fast/","../src/content/blog/2023-12-07-that-time-exercise-was-bad-day-2-of-my-14-day-fast.md"
"2023-12-09-saturday-push-day-on-day-4-of-a-planned-14-day-fas","2023-12-10","Saturday Push Day on Day 4 (of a planned 14 day fast)","494","It’s Saturday and on Saturdays I push my limits to make my heart stronger. As I’m in the middle of my first 14 day fast, I went for gentle exercise. Fasting is already a stress on the body...","a1c-labs; exercise; family-responsibility; fasting; reversing-type-2-diabetes-journey; type-2-diabetes","exercise; exexercise fasting; Fasting; fitness; health","true","https://lessoflee.wordpress.com/2023/12/09/saturday-push-day-on-day-4-of-a-planned-14-day-fast/","../src/content/blog/2023-12-09-saturday-push-day-on-day-4-of-a-planned-14-day-fas.md"
"2023-12-10-developing-willpower-day-5-of-a-14-day-fast","2023-12-10","Developing Willpower (Day 5 of a 14 Day Fast)","820","I’m fat. Way too fat. I’ve lost a considerable amount of weight on my 2.5 year journey to reclaim my health. Yet, for the last year I’ve gained half of that weight back. I’ve improved my health and...","a1c-labs; exercise; fasting; mindset; reversing-type-2-diabetes-journey","extended fasting; Fasting; he’s lth; weight-loss","true","https://lessoflee.wordpress.com/2023/12/10/developing-willpower-day-5-of-a-14-day-fast/","../src/content/blog/2023-12-10-developing-willpower-day-5-of-a-14-day-fast.md"
"2023-12-11-started-at-the-bottom-now-im-here-day-6-of-my-14-d","2023-12-12","Started at the Bottom, Now I’m Here (Day 6 of my 14 day fast)","478","Day six is at an end, so I’m officially in new territory for me. I’m feeling great, though it was a bit of a hungry day, more so than days 4 or 5. Still, it’s at the annoying...","fasting; mindset; nsv; reversing-type-2-diabetes-journey","extended fasting; Fasting; health; weight-loss","true","https://lessoflee.wordpress.com/2023/12/11/started-at-the-bottom-now-im-here-day-6-of-my-14-day-fast/","../src/content/blog/2023-12-11-started-at-the-bottom-now-im-here-day-6-of-my-14-d.md"
"2023-12-12-my-doctor-says-day-7-of-my-14-day-fast","2023-12-13","My Doctor Says… (Day 7 of my 14 day fast)","446","My current doctor is not the original one that advised me to do my 5 day fasts once or twice a month. That doctor retired and this one took over the practice. He’s been my doctor over a...","a1c-labs; capability-recovery; fasting; reversing-type-2-diabetes-journey; type-2-diabetes","extended fasting; Fasting; healing; health","true","https://lessoflee.wordpress.com/2023/12/12/my-doctor-says-day-7-of-my-14-day-fast/","../src/content/blog/2023-12-12-my-doctor-says-day-7-of-my-14-day-fast.md"
"2023-12-13-i-choose-to-fast-day-8-of-a-planned-14-day-fast","2023-12-14","I Choose to Fast (Day 8 of a Planned 14 Day Fast)","877","People tell me “you don’t have to fast you can do ”. And they are right for the most part. You can lose weight without fasting for sure. Many people can improve their diabetes without fasting.","a1c-labs; capability-recovery; exercise; fasting; mindset; reversing-type-2-diabetes-journey; type-2-diabetes","extended fasting; Fasting; health","true","https://lessoflee.wordpress.com/2023/12/13/i-choose-to-fast-day-8-of-a-planned-14-day-fast/","../src/content/blog/2023-12-13-i-choose-to-fast-day-8-of-a-planned-14-day-fast.md"
"2023-12-14-troubleshooting-the-fast-day-9-of-a-planned-14","2023-12-15","Troubleshooting the Fast (Day 9 of a planned 14)","698","Making a health change, whether it’s fasting, a new exercise regimen, or a dietary change, inevitably comes with its own set of challenges. It's a journey that will come with trials that test our resolve and adaptability. I...","exercise; fasting; mindset; reversing-type-2-diabetes-journey","extended fasting; Fasting; health","true","https://lessoflee.wordpress.com/2023/12/14/troubleshooting-the-fast-day-9-of-a-planned-14/","../src/content/blog/2023-12-14-troubleshooting-the-fast-day-9-of-a-planned-14.md"
"2023-12-15-day-10-of-a-planned-14-day-fast-is-done","2023-12-16","Day 10 of a Planned 14 Day Fast is Done","223","No long lesson this time. It’s been a good day, I feel well. Maybe even better than days 8 and 9.","fasting; mindset; reversing-type-2-diabetes-journey","extended fasting; Fasting; health","true","https://lessoflee.wordpress.com/2023/12/15/day-10-of-a-planned-14-day-fast-is-done/","../src/content/blog/2023-12-15-day-10-of-a-planned-14-day-fast-is-done.md"
"2023-12-16-fasting-aids-on-day-11-of-my-14-day-fast","2023-12-17","Fasting Aids on Day 11 of My 14 Day Fast","713","The end of day 11 approaches and all is well. I remain in the highest, therapeutic level of ketosis. The rate of “weight” loss has slowed but I’m only expecting a half pound or so of fat to...","exercise; fasting; feasting; food-addiction; reversing-type-2-diabetes-journey; type-2-diabetes","extended fasting; Fasting; health","true","https://lessoflee.wordpress.com/2023/12/16/fasting-aids-on-day-11-of-my-14-day-fast/","../src/content/blog/2023-12-16-fasting-aids-on-day-11-of-my-14-day-fast.md"
"2023-12-17-planning-to-break-the-fast-day-12-of-my-14-day-fas","2023-12-18","Planning to Break the Fast (Day 12 of my 14 Day Fast)","847","As my fast is coming to and end it was time to plan for how I am going to break the fast. My digestive system has been resting for 14 days, so I need to introduce foods slowly...","a1c-labs; exercise; fasting; feasting; food-addiction; mindset; reversing-type-2-diabetes-journey; type-2-diabetes","extended fasting; Fasting; health","true","https://lessoflee.wordpress.com/2023/12/17/planning-to-break-the-fast-day-12-of-my-14-day-fast/","../src/content/blog/2023-12-17-planning-to-break-the-fast-day-12-of-my-14-day-fas.md"
"2023-12-18-after-the-fast-8211-day-13-one-more-day-to-go","2023-12-19","After the Fast – Day 13, One  More Day to Go!","727","The fast has been successful in every way I could measure. I’ll hold off talking about the weight loss until after the re-feed. Many people rightly ask “won’t you just gain back the weight”. It’s a good question....","capability-recovery; exercise; fasting; feasting; mindset; reversing-type-2-diabetes-journey; type-2-diabetes","extended fasting; Fasting; health","true","https://lessoflee.wordpress.com/2023/12/18/after-the-fast-day-13-one-more-day-to-go/","../src/content/blog/2023-12-18-after-the-fast-8211-day-13-one-more-day-to-go.md"
"2023-12-19-i-did-it-completed-a-fourteen-day-fast","2023-12-20","I Did It!  Completed a Fourteen Day Fast","642","I’m over the moon right now. Day fourteen was the easiest of all as I was busy working the whole day. I did not “suffer to the end”, I triumphantly and joyfully completed the fast.","exercise; fasting; mindset; nsv; reversing-type-2-diabetes-journey","diet; Fasting; health; Intermittent Fasting; weight-loss","true","https://lessoflee.wordpress.com/2023/12/19/i-did-it-completed-a-fourteen-day-fast/","../src/content/blog/2023-12-19-i-did-it-completed-a-fourteen-day-fast.md"
"2023-12-20-losing-fat-while-gaining-weight-8211-post-fast-day","2023-12-21","Losing Fat While Gaining Weight – Post Fast Day 1","448","How can one be losing fat while gaining weight? I’m in the weight gain phase past fast. Some people get confused by this as if “losing weight by fasting is temporary”. It’s the same for low carb, keto...","a1c-labs; exercise; fasting; feasting; food-addiction; reversing-type-2-diabetes-journey","extended fasting; Fasting; health","true","https://lessoflee.wordpress.com/2023/12/20/losing-fat-while-gaining-weight-post-fast-day-1/","../src/content/blog/2023-12-20-losing-fat-while-gaining-weight-8211-post-fast-day.md"
"2023-12-21-fasting-and-arthritis-8211-post-fast-day-2","2023-12-22","Fasting and Arthritis – Post Fast Day 2","453","It’s the second day after my 14 day fast. I’m back to normal eating – sticking to a ketovore diet (close to carnivore). Not snacking after dinner. My ketones are coming down but they are still sky high...","a1c-labs; capability-recovery; exercise; fasting; feasting; nsv; reversing-type-2-diabetes-journey; type-2-diabetes","arthritis; exercise; exexercise fasting; Fasting; health; knee-pain; pain","true","https://lessoflee.wordpress.com/2023/12/21/fasting-and-arthritis-post-fast-day-2/","../src/content/blog/2023-12-21-fasting-and-arthritis-8211-post-fast-day-2.md"
"2023-12-23-16-lbs-less-of-lee-8211-why-fat-is-so-bad","2023-12-23","16 lbs Less of Lee – Why Fat is So Bad","865","The metric we’ve all been waiting for – 16lbs / 7.2 kilos of weight loss after 14 days of fasting and a 4 day re-feed. All along I have been focused on fat loss, not “weight”. You can...","a1c-labs; capability-recovery; fasting; feasting; mindset; nsv; reversing-type-2-diabetes-journey; type-2-diabetes","extended fasting; Fasting; fitness; health; lifestyle; visceral-fat; weight loss; weight-loss","true","https://lessoflee.wordpress.com/2023/12/23/16-lbs-less-of-lee-why-fat-is-so-bad/","../src/content/blog/2023-12-23-16-lbs-less-of-lee-8211-why-fat-is-so-bad.md"
"2023-12-23-is-fasting-pain-relief-temporary","2023-12-24","Is Fasting Pain Relief Temporary?","617","One of the benefits I experienced in my 14 day water fast was great relief in my osteoarthritis knees. In fact, it was like I had my old knees back – no pain at all. It’s day 5...","capability-recovery; exercise; failure-restart; fasting; feasting; nsv; reversing-type-2-diabetes-journey","arthritis; extended fasting; Fasting; health; Keto; keto-diet; weight-loss","true","https://lessoflee.wordpress.com/2023/12/23/if-fasting-pain-relief-temporary/","../src/content/blog/2023-12-23-is-fasting-pain-relief-temporary.md"
"2023-12-24-christmas-eve-workout","2023-12-25","Christmas Eve Workout","241","I bought the Meta Quest 2 VR headset and subscribed to the Supernatural workout app more than 2 years ago. Winter was coming and I couldn’t walk steady enough for winter conditions in Chicago. I was able to...","capability-recovery; exercise; fasting; food-addiction; reversing-type-2-diabetes-journey","exercise; fitness; health","true","https://lessoflee.wordpress.com/2023/12/24/christmas-eve-workout/","../src/content/blog/2023-12-24-christmas-eve-workout.md"
"2023-12-24-eye-health-update-8211-evidence-of-healing","2023-12-25","Eye Health Update – Evidence of Healing!","518","A couple months ago I had a micro-stroke in my right eye. Initially there was so much fluid in my eye that I couldn’t read with that eye. All of that has resolved. There was inflammation in the...","a1c-labs; family-responsibility; fasting; food-addiction; nsv; reversing-type-2-diabetes-journey","extended fasting; Fasting; glasses; healing; health; life; lifestyle; vision","true","https://lessoflee.wordpress.com/2023/12/24/eye-health-update-evidence-of-healing/","../src/content/blog/2023-12-24-eye-health-update-8211-evidence-of-healing.md"
"2023-12-27-grandfather-father-husband-8211-carrying-the-load","2023-12-27","Grandfather, Father, Husband – Carrying the Load","783","This past Christmas celebration was wonderful. It was our grandson’s first Christmas, my daughter’s first Christmas as a mother, and my wife and my first as grandparents. The little man is a crawling champ, pulls himself up, he’ll...","a1c-labs; capability-recovery; exercise; family-responsibility; fasting; feasting; health-identity; mindset; reversing-type-2-diabetes-journey; type-2-diabetes","exercise; Fasting; fitness; health; mental health; osteoarthritis; self-care","true","https://lessoflee.wordpress.com/2023/12/27/grandfather-father-husband-carrying-the-load/","../src/content/blog/2023-12-27-grandfather-father-husband-8211-carrying-the-load.md"
"2023-12-29-a-guide-to-effective-new-years-resolutions","2023-12-29","A Guide to Effective New Year’s Resolutions","1097","It’s that time of year when millions of people engage in setting their New Year’s Resolutions. For many, it is a laughable attempt – set with the expectation of “how long can I go before I’ve totally failed...","a1c-labs; capability-recovery; exercise; family-responsibility; fasting; feasting; health-identity; reversing-type-2-diabetes-journey; type-2-diabetes","diet; exercise; fitness; health; weight-loss","true","https://lessoflee.wordpress.com/2023/12/29/a-guide-to-effective-new-years-resolutions/","../src/content/blog/2023-12-29-a-guide-to-effective-new-years-resolutions.md"
"2023-12-30-how-to-lose-weight-and-lower-a1c-instantly-donate","2023-12-31","How To Lose Weight and Lower A1C Instantly? Donate Blood","227","Every 8 weeks I donate blood and put out a post on how it helps lower A1c. This time as I watched them walk away with a pint of my blood I realized that it also helps you...","a1c-labs; exercise; reversing-type-2-diabetes-journey; type-2-diabetes","donate blood; health","true","https://lessoflee.wordpress.com/2023/12/30/how-to-lose-weight-and-lower-a1c-instantly-donate-blood-2/","../src/content/blog/2023-12-30-how-to-lose-weight-and-lower-a1c-instantly-donate.md"
"2024-01-01-new-year-8211-1st-home-strength-training","2024-01-01","New Year – 1st Home Strength Training","491","One of my resolutions was to find and follow a strength training program I can do on my own from home. Building muscle is important for metabolic health and vitality – the ability to do whatever needs to...","capability-recovery; exercise; failure-restart; nsv; reversing-type-2-diabetes-journey","exercise; fitness; health; strength training","true","https://lessoflee.wordpress.com/2024/01/01/new-year-1st-home-strength-training/","../src/content/blog/2024-01-01-new-year-8211-1st-home-strength-training.md"
"2024-01-04-strength-training-vs-body-building","2024-01-04","Strength Training Vs Body Building","905","I will start off by admitting a prejudice I have had since childhood. I do not react well to jocks, athletes, the heavily muscled types. I was a nerd and they were my tormentors. I know. I’m 58...","a1c-labs; capability-recovery; exercise; failure-restart; health-identity; mindset; reversing-type-2-diabetes-journey; type-2-diabetes","Diabetes; exercise; fitness; health; mindset; weight-loss","true","https://lessoflee.wordpress.com/2024/01/04/strength-training-vs-body-building/","../src/content/blog/2024-01-04-strength-training-vs-body-building.md"
"2024-01-05-top-3-in-fitness-effort","2024-01-06","Top 3% in Fitness Effort","638","For the entire year that was 2023 – I ranked in the top 3% in exercise effort out of 31,000 people that use the FitIV app to track their fitness. Not bad for a couch potato who needed...","capability-recovery; exercise; family-responsibility; mindset; nsv; reversing-type-2-diabetes-journey","exercise; fitness; health; mindset","true","https://lessoflee.wordpress.com/2024/01/05/top-3-in-fitness-effort/","../src/content/blog/2024-01-05-top-3-in-fitness-effort.md"
"2024-01-07-no-longer-a-winter-shut-in-8211-why-build-muscle","2024-01-07","No Longer a Winter Shut In – Why Build Muscle","431","It’s snowing in Chicago – and that used to make me practically a shut in. I have osteoarthritis in my knees and used to walk with a cane. My balance was such that I couldn’t walk across my...","a1c-labs; capability-recovery; exercise; health-identity; reversing-type-2-diabetes-journey; type-2-diabetes","exercise; fitness; health","true","https://lessoflee.wordpress.com/2024/01/07/no-longer-a-winter-shut-in-why-build-muscle/","../src/content/blog/2024-01-07-no-longer-a-winter-shut-in-8211-why-build-muscle.md"
"2024-01-08-saturday-push-day-on-sunday","2024-01-08","Saturday Push Day, On Sunday","523","It’s been a few weeks since I had a proper push day. Push days are my once a week “get my heart rate up” efforts to improve my heart health. Ideally, I get my heart rate up above...","capability-recovery; exercise; fasting; reversing-type-2-diabetes-journey","exercise; Fasting; fitness; health; Supernatural","true","https://lessoflee.wordpress.com/2024/01/08/saturday-push-day-on-sunday/","../src/content/blog/2024-01-08-saturday-push-day-on-sunday.md"
"2024-01-09-i-cantuntil-i-can-8211-shovel-snow","2024-01-09","I Can’t…Until I Can – Shovel Snow","233","I retired from shoveling the snow a few years ago. I needed a cane, and just walking in snow and ice was problematic – let alone shoveling. It’s also a heart attack risk for someone in my shape:...","capability-recovery; exercise; mindset; reversing-type-2-diabetes-journey; type-2-diabetes","exercise; fitness; health; mindset","true","https://lessoflee.wordpress.com/2024/01/09/i-cantuntil-i-can-shovel-snow/","../src/content/blog/2024-01-09-i-cantuntil-i-can-8211-shovel-snow.md"
"2024-01-09-recent-meals","2024-01-10","Recent Meals","215","I haven’t shared meals much of late. I am mostly ketovore these days. Close to carnivore but with spices and occasional veggies.","feasting; reversing-type-2-diabetes-journey","Keto; recipe","true","https://lessoflee.wordpress.com/2024/01/09/recent-meals/","../src/content/blog/2024-01-09-recent-meals.md"
"2024-01-11-lies-my-scale-tells-me","2024-01-11","Lies My Scale Tells Me","482","Scales are useful but they don’t always tell the truth. Strength training builds muscle. Muscle burns more fat all the time. So, when you start strength training, it should help you lose weight. Right? Wrong.","a1c-labs; exercise; feasting; humor-voice; nsv; reversing-type-2-diabetes-journey; type-2-diabetes","exercise; health; weight-loss","true","https://lessoflee.wordpress.com/2024/01/11/lies-my-scale-tells-me/","../src/content/blog/2024-01-11-lies-my-scale-tells-me.md"
"2024-01-11-low-carb-gluten-free-home-made-bread","2024-01-12","Low Carb, Gluten Free, Home Made Bread","251","I like the “keto flour” and the bread from Victoria’s Keto Kitchen. It genuinely feels and tastes like bread. I’ve also made biscuits that were fantastic. The main ingredient is bamboo fiber. It’s pricey and hard to find....","a1c-labs; feasting; reversing-type-2-diabetes-journey; type-2-diabetes","Keto; recipe","true","https://lessoflee.wordpress.com/2024/01/11/low-carb-gluten-free-home-made-bread/","../src/content/blog/2024-01-11-low-carb-gluten-free-home-made-bread.md"
"2024-01-12-workout-from-home","2024-01-13","Workout From Home","475","With 10” of snow on the ground and wind gusts of 35mph, it’s a great day to work out from home. While it can be nice to go to a gym and it is certainly wonderful to walk...","capability-recovery; exercise; reversing-type-2-diabetes-journey","exercise; fitness; health","true","https://lessoflee.wordpress.com/2024/01/12/workout-from-home/","../src/content/blog/2024-01-12-workout-from-home.md"
"2024-01-13-is-hiit-safe-for-heart-disease","2024-01-13","Is HIIT Safe for Heart Disease","561","Like many of us who have or had Type 2 Diabetes, I also have heart disease. My CAC score is concerningly high. My doctor said that there wasn’t anything to do but slow down the progression. I don’t...","a1c-labs; exercise; failure-restart; reversing-type-2-diabetes-journey; type-2-diabetes","Diabetes; exercise; health","true","https://lessoflee.wordpress.com/2024/01/13/is-hiit-safe-for-heart-disease/","../src/content/blog/2024-01-13-is-hiit-safe-for-heart-disease.md"
"2024-01-13-saturday-push-day-8211-winter-storm-edition","2024-01-13","Saturday Push Day – Winter Storm Edition","569","On Saturday’s I try to push my heart rate up into the 95% of max range. You can look up HIIT (High Intensity Interval Training) for more information on why. I’ll put a link at the end. For...","capability-recovery; exercise; mindset; reversing-type-2-diabetes-journey; type-2-diabetes","exercise; fitness; health; hiit; mindset","true","https://lessoflee.wordpress.com/2024/01/13/saturday-push-day-winter-storm-edition/","../src/content/blog/2024-01-13-saturday-push-day-8211-winter-storm-edition.md"
"2024-01-15-chicken-and-dumplings-keto-and-gluten-free","2024-01-15","Chicken and Dumplings, Keto and Gluten Free","369","What is better on a super cold, dark winter night than a nice bowl of chicken and dumplings? I don’t eat flour based foods any more, but this is a recipe that uses no wheat flour, is low...","feasting; reversing-type-2-diabetes-journey","gluten free; Keto; recipe","true","https://lessoflee.wordpress.com/2024/01/15/chicken-and-dumplings-keto-and-gluten-free/","../src/content/blog/2024-01-15-chicken-and-dumplings-keto-and-gluten-free.md"
"2024-01-17-exercise-like-jazz","2024-01-17","Exercise like Jazz","375","No, not Jazzercise – I simply felt in control of my strength training today. A book I’m reading encourages you to think of yourself as “practicing weight lifting”. It’s a mindset that has you focused on your form...","capability-recovery; exercise; mindset; reversing-type-2-diabetes-journey","exercise; fitness; health; mindset","true","https://lessoflee.wordpress.com/2024/01/17/exercise-like-jazz/","../src/content/blog/2024-01-17-exercise-like-jazz.md"
"2024-01-18-thanks-for-the-trap-muscles-supernatural","2024-01-19","Thanks for the Trap Muscles, Supernatural","356","It’s hard for me to capture in a selfie, but I’ve developed muscles between my neck and shoulders for the first time in my life. I even had to look up what they were called: trapezius muscles. I’ve...","capability-recovery; exercise; reversing-type-2-diabetes-journey","exercise; fitness; health; Supernatural","true","https://lessoflee.wordpress.com/2024/01/18/thanks-for-the-trap-muscles-supernatural/","../src/content/blog/2024-01-18-thanks-for-the-trap-muscles-supernatural.md"
"2024-01-19-chicago-italian-beef-style-hamburger-skillet","2024-01-19","Chicago Italian Beef Style Hamburger Skillet","200","I’m a big fan of Chicago style Italian Beef. I created this recipe to get this flavor explosion, but with ground beef.","feasting; reversing-type-2-diabetes-journey","Keto; recipe","true","https://lessoflee.wordpress.com/2024/01/19/chicago-italian-beef-style-hamburger-skillet/","../src/content/blog/2024-01-19-chicago-italian-beef-style-hamburger-skillet.md"
"2024-01-19-scene-of-the-crime","2024-01-19","Scene of the Crime","400","Welcome to the ‘Scene of the Crime,' a place where the iron and steel of my bench and weights orchestrate a relentless assault on my unsuspecting muscle fibers. Each lift, a calculated strike; each rep, a deep incision...","a1c-labs; capability-recovery; exercise; feasting; reversing-type-2-diabetes-journey; type-2-diabetes","exercise; fitness; health","true","https://lessoflee.wordpress.com/2024/01/19/scene-of-the-crime/","../src/content/blog/2024-01-19-scene-of-the-crime.md"
"2024-01-20-saturday-push-day-8211-step-up-and-kick","2024-01-20","Saturday Push Day – Step Up and Kick","334","It’s Saturday, time to push my limits. I ventured outside in sub zero windchills for a short walk. I’m going stir crazy cooped up inside. I am happy I have the Quest 2 VR headset and Supernatural workout...","exercise; mindset; reversing-type-2-diabetes-journey","exercise; fitness; health; mindset","true","https://lessoflee.wordpress.com/2024/01/20/saturday-push-day-step-up-and-kick/","../src/content/blog/2024-01-20-saturday-push-day-8211-step-up-and-kick.md"
"2024-01-21-sous-vide-steak-rub","2024-01-21","Sous Vide Steak Rub","118","– 1 teaspoon of freshly ground black pepper","feasting; reversing-type-2-diabetes-journey","recipe","true","https://lessoflee.wordpress.com/2024/01/21/sous-vide-steak-rub/","../src/content/blog/2024-01-21-sous-vide-steak-rub.md"
"2024-01-25-how-to-count-carbs","2024-01-25","How to Count Carbs","654","Should type 2 diabetics count total carbs or net carbs? An endless debate that I hope to add some clarity too.","a1c-labs; feasting; food-addiction; health-identity; reversing-type-2-diabetes-journey; type-2-diabetes","Diabetes; health; low-carb","true","https://lessoflee.wordpress.com/2024/01/25/how-to-count-carbs/","../src/content/blog/2024-01-25-how-to-count-carbs.md"
"2024-01-25-work-out-to-metallica-8211-yeah","2024-01-26","Work Out to Metallica – Yeah!","437","Supernatural (the VR workout app I use) has an Artist Series and they just released their Metallica workouts! It was so fun. These VR aerobics workouts have been my mainstay for over two years. This year I’m prioritizing...","exercise; reversing-type-2-diabetes-journey","exercise; fitness; health; strength training; Supernatural","true","https://lessoflee.wordpress.com/2024/01/25/work-out-to-metallica-yeah/","../src/content/blog/2024-01-25-work-out-to-metallica-8211-yeah.md"
"2024-01-27-saturday-push-day-8211-speaking-to-your-body","2024-01-27","Saturday Push Day – Speaking to Your Body","340","It’s Saturday, time to tell my body I want more: more heart strength, more endurance, more will power, more abilities reclaimed. I am also telling my body that I want less: less heart disease, less disability, less pain,...","capability-recovery; exercise; mindset; reversing-type-2-diabetes-journey","exercise; fitness; health; Supernatural; weight-loss","true","https://lessoflee.wordpress.com/2024/01/27/saturday-push-day-speaking-to-your-body/","../src/content/blog/2024-01-27-saturday-push-day-8211-speaking-to-your-body.md"
"2024-02-01-im-walking-in-sunshine","2024-02-02","I’m Walking In Sunshine!","366","I’ve been cooped up in the house for weeks due to the sub zero temps. Also the sun has been invisible behind drab clouds for weeks. But not today. Today it was a day of early promise of...","capability-recovery; exercise; health-identity; mindset; reversing-type-2-diabetes-journey; type-2-diabetes","exercise; fitness; health","true","https://lessoflee.wordpress.com/2024/02/01/im-walking-in-sunshine/","../src/content/blog/2024-02-01-im-walking-in-sunshine.md"
"2024-02-03-saturday-push-day-8211-trip-around-the-sun","2024-02-03","Saturday Push Day – Trip Around the Sun","331","I’ve circled the sun 59 times now. More than 34 trillion miles","exercise; mindset; reversing-type-2-diabetes-journey","exercise; fitness; health; mindset; Supernatural","true","https://lessoflee.wordpress.com/2024/02/03/saturday-push-day-trip-around-the-sun/","../src/content/blog/2024-02-03-saturday-push-day-8211-trip-around-the-sun.md"
"2024-02-05-lifting-a-ton","2024-02-06","Lifting a Ton","420","Just completed the first workout of week 6 of my StrongLifts 5×5 workout and realized that I passed the ton mark.","exercise; reversing-type-2-diabetes-journey","dumbbells; exercise; fitness; health","true","https://lessoflee.wordpress.com/2024/02/05/lifting-a-ton/","../src/content/blog/2024-02-05-lifting-a-ton.md"
"2024-02-17-reflections-of-a-former-diabetic-8211-pt-1-the-alc","2024-02-17","Reflections of a Former Diabetic – Pt 1, The Alcoholic Paradigm","874","April 22, 2021 was a pivotal day for me. At my diabetes specialist’s I was informed my A1c had hit 11.2, and the $1000/month Trulicity was added to the Metformin and Glipizide I’d already been taking for years....","a1c-labs; capability-recovery; exercise; failure-restart; food-addiction; health-identity; mindset; reversing-type-2-diabetes-journey; type-2-diabetes","Diabetes; health; medicine; mindset; nutrition; Type 2 Diabetes","true","https://lessoflee.wordpress.com/2024/02/17/reflections-of-a-former-diabetic-pt-1-the-alcoholic-paradigmr/","../src/content/blog/2024-02-17-reflections-of-a-former-diabetic-8211-pt-1-the-alc.md"
"2024-02-18-you-cant-fix-stupid","2024-02-18","You Can’t Fix Stupid","248","If you are ignorant, you can be educated.","capability-recovery; exercise; fasting; humor-voice; mindset; reversing-type-2-diabetes-journey; type-2-diabetes","Diabetes; fitness; health; mindset; osteoarthritis","true","https://lessoflee.wordpress.com/2024/02/18/you-cant-fix-stupid/","../src/content/blog/2024-02-18-you-cant-fix-stupid.md"
"2024-02-24-saturday-push-day-8211-after-the-fall","2024-02-25","Saturday Push Day – After The Fall","662","Last Saturday I fell off a chest while changing the batteries in a smoke detector and sprained my pinky toe in addition to twisting my knees. So, no push day last week.","capability-recovery; exercise; mindset; reversing-type-2-diabetes-journey; type-2-diabetes","exercise; fitness; health; mindset","true","https://lessoflee.wordpress.com/2024/02/24/saturday-push-day-after-the-fall/","../src/content/blog/2024-02-24-saturday-push-day-8211-after-the-fall.md"
"2024-03-01-i-didnt-want-to-work-out-8211-so-i-did-it-anyway","2024-03-02","I Didn’t Want to Work Out – So I Did It Anyway","461","It’s Friday, and I do strength training Monday, Wednesday and Friday. I worked hard all day, made dinner, and didn’t feel like lifting weights. I watched a show with my wife, then went down stairs and worked out...","capability-recovery; exercise; failure-restart; fasting; health-identity; mindset; reversing-type-2-diabetes-journey; type-2-diabetes","exercise; Fasting; fitness; health; weight-loss","true","https://lessoflee.wordpress.com/2024/03/01/i-didnt-want-to-work-out-so-i-did-it-anyway/","../src/content/blog/2024-03-01-i-didnt-want-to-work-out-8211-so-i-did-it-anyway.md"
"2024-03-02-give-yourself-space-to-learn","2024-03-03","Give Yourself Space to Learn","803","“You are doing it wrong”. “You are going to hurt yourself”. “I did years ago and messed up ”. No matter what you try to do to improve your health, people will be quick to throw out warnings....","a1c-labs; capability-recovery; exercise; failure-restart; family-responsibility; health-identity; humor-voice; mindset; reversing-type-2-diabetes-journey; type-2-diabetes","exercise; fitness; health; mindset","true","https://lessoflee.wordpress.com/2024/03/02/give-yourself-space-to-learn/","../src/content/blog/2024-03-02-give-yourself-space-to-learn.md"
"2024-03-03-saturday-push-day-8211-before-the-fast","2024-03-03","Saturday Push Day – before the fast","234","Loving the Pros Only Metallica workout – via the Supernatural app on my VR headset.","capability-recovery; exercise; fasting; mindset; reversing-type-2-diabetes-journey","exercise; fitness; health; mindset; weight-loss","true","https://lessoflee.wordpress.com/2024/03/03/saturday-push-day-before-the-fast/","../src/content/blog/2024-03-03-saturday-push-day-8211-before-the-fast.md"
"2024-03-03-the-14-day-100-fat-diet","2024-03-04","The 14 Day 100% Fat Diet","312","For the next 14 days I will eat nothing but fat – my own fat. I did my first 14 day fast last December after more than a year of monthly 5 day fasts. There are a lot...","a1c-labs; capability-recovery; exercise; fasting; mindset; reversing-type-2-diabetes-journey","extended fasting; Fasting; health","true","https://lessoflee.wordpress.com/2024/03/03/the-14-day-100-fat-diet/","../src/content/blog/2024-03-03-the-14-day-100-fat-diet.md"
"2024-03-04-save-lives-lose-weight-and-lower-a1c-instantly","2024-03-04","Save Lives, Lose Weight and Lower A1C Instantly","251","How To Lose Weight and Lower A1C Instantly? Donate Blood","a1c-labs; exercise; reversing-type-2-diabetes-journey; type-2-diabetes","donate blood; health","true","https://lessoflee.wordpress.com/2024/03/04/save-lives-lose-weight-and-lower-a1c-instantly/","../src/content/blog/2024-03-04-save-lives-lose-weight-and-lower-a1c-instantly.md"
"2024-03-05-you-can-do-hard-things-day-3-of-14-day-fast","2024-03-05","You Can Do Hard Things (Day 3 of 14 Day Fast)","621","Just finished day three of my intended 14 day fast. There is no doubt that fasting is hard. However, it’s equally true that you can do hard things. Much of what is worthwhile in life is hard to...","a1c-labs; capability-recovery; exercise; fasting; mindset; reversing-type-2-diabetes-journey; type-2-diabetes","extended fasting; Fasting; health; mindset","true","https://lessoflee.wordpress.com/2024/03/05/you-can-do-hard-things-day-3-of-14-day-fast/","../src/content/blog/2024-03-05-you-can-do-hard-things-day-3-of-14-day-fast.md"
"2024-03-07-fasting-and-weight-regain-day-5-of-14-day-fast","2024-03-08","Fasting and Weight Regain (Day 5 of 14 Day Fast)","219","It’s day 5 without food and I’m still going strong. I feel great. I’m quite busy with work which helps immensely. I’ve also started allowing myself some non-caloric drinks, a diet soda per day .","fasting; reversing-type-2-diabetes-journey","extended fasting; Fasting; health","true","https://lessoflee.wordpress.com/2024/03/07/fasting-and-weight-regain-day-5-of-14-day-fast/","../src/content/blog/2024-03-07-fasting-and-weight-regain-day-5-of-14-day-fast.md"
"2024-03-08-workout-6-days-fasted","2024-03-09","Workout 6 Days Fasted","297","It was raining today so instead of walks I did a medium level Supernatural aerobics workout. I’ve finished day 6 of a planned 14 day fast (no food or caloric drinks).","exercise; fasting; mindset; reversing-type-2-diabetes-journey","exercise; exexercise fasting; Fasting; fitness; health; weight-loss","true","https://lessoflee.wordpress.com/2024/03/08/workout-6-days-fasted/","../src/content/blog/2024-03-08-workout-6-days-fasted.md"
"2024-03-10-eye-health-8211-day-8-of-fasting","2024-03-10","Eye Health – Day 8 of Fasting","673","It’s day eight of my fast and all is well. As this is my second time, so there isn’t the fear of the unknown. I’ve done this before and can do it again.","a1c-labs; capability-recovery; exercise; fasting; feasting; health-identity; reversing-type-2-diabetes-journey; type-2-diabetes","Diabetes; extended fasting; Fasting; health","true","https://lessoflee.wordpress.com/2024/03/10/eye-health-day-8-of-fasting/","../src/content/blog/2024-03-10-eye-health-8211-day-8-of-fasting.md"
"2024-03-10-the-learning-curve-my-day-9-fasting-experience-tak","2024-03-11","The Learning Curve: My Day 9 Fasting Experience Takes an Unexpected Turn","578","I strive to be transparent with the victories and setbacks on my health journey. Today falls into the latter category, as I encountered an unexpected challenge on day 9 of my fasting journey due to a sudden drop...","a1c-labs; exercise; fasting; humor-voice; mindset; reversing-type-2-diabetes-journey; type-2-diabetes","Diabetes; extended fasting; Fasting; health","true","https://lessoflee.wordpress.com/2024/03/10/the-learning-curve-my-day-9-fasting-experience-takes-an-unexpected-turn/","../src/content/blog/2024-03-10-the-learning-curve-my-day-9-fasting-experience-tak.md"
"2024-03-14-lessons-learned-in-fainting-during-a-fast","2024-03-15","Lessons Learned in Fainting During a Fast","1048","Last week I fainted – yet without losing consciousness – on the 9th day of my quarterly extended fast. I’ve been fasting for years. I am an experienced and knowledgeable faster who has the full support of my...","a1c-labs; exercise; fasting; feasting; reversing-type-2-diabetes-journey; type-2-diabetes","diet; extended fasting; Fasting; health; Intermittent Fasting; weight-loss","false","https://lessoflee.wordpress.com/2024/03/14/lessons-learned-in-fainting-during-a-fast/","../src/content/blog/2024-03-14-lessons-learned-in-fainting-during-a-fast.md"
"2024-03-24-saturday-push-day-8211-active-recovery","2024-03-25","Saturday Push Day – Active Recovery","528","I’m living with 3 flat tires: two sore pinky toes and a fractured thumb from a couple of recent falls. A “push day” is out of the question. Can’t lift weights yet because of the thumb. I went...","capability-recovery; exercise; reversing-type-2-diabetes-journey; type-2-diabetes","exercise; fitness; health; recovery; weight-loss","true","https://lessoflee.wordpress.com/2024/03/24/saturday-push-day-active-recovery/","../src/content/blog/2024-03-24-saturday-push-day-8211-active-recovery.md"
"2024-03-30-saturday-push-day-8211-spring-training-edition","2024-03-30","Saturday Push Day – Spring Training Edition","145","Out for a run. 5k? No, not yet. I have to work my way back into running shape after winter break. I did make it 1k without stopping.","capability-recovery; exercise; mindset; reversing-type-2-diabetes-journey","exercise; fitness; health; mindset","true","https://lessoflee.wordpress.com/2024/03/30/saturday-push-day-spring-training-edition/","../src/content/blog/2024-03-30-saturday-push-day-8211-spring-training-edition.md"
"2024-03-31-keto-sausage-frittata","2024-04-01","Keto Sausage Frittata","237","– 1 jalapeño, diced (seeds removed if you prefer less heat)","feasting; reversing-type-2-diabetes-journey","Keto; recipe","true","https://lessoflee.wordpress.com/2024/03/31/keto-sausage-frittata/","../src/content/blog/2024-03-31-keto-sausage-frittata.md"
"2024-04-03-these-weights-won8217t-lift-themselves","2024-04-04","These Weights Won’t Lift Themselves","234","My toes are 90% better and my thumb 70% – injuries from two recent falls that kept me from lifting. Slowly but surely I’ve been working my way back into my health building routines: walking, cardio, running and...","capability-recovery; exercise; health-identity; mindset; reversing-type-2-diabetes-journey; type-2-diabetes","exercise; fitness; health; mindset; strength training","true","https://lessoflee.wordpress.com/2024/04/03/these-weights-wont-lift-themselves/","../src/content/blog/2024-04-03-these-weights-won8217t-lift-themselves.md"
"2024-04-04-ate-happy-tonight","2024-04-04","Ate Happy Tonight","26","I know dinner is going to be good when I see my wife has one of Anna Vocino's cook books.","reversing-type-2-diabetes-journey","diet","true","https://lessoflee.wordpress.com/2024/04/04/ate-happy-tonight/","../src/content/blog/2024-04-04-ate-happy-tonight.md"
"2024-04-05-the-joy-of-movement","2024-04-05","The Joy of Movement","225","Rainy and cold day outside, but no problem as I have my Meta Quest 2 and Supernatural VR workout at my beck and call. Man do I enjoy this type of exercise. I look forward to it. Good...","exercise; mindset; reversing-type-2-diabetes-journey","exercise; fitness; health; mindset","true","https://lessoflee.wordpress.com/2024/04/05/the-joy-of-movement/","../src/content/blog/2024-04-05-the-joy-of-movement.md"
"2024-04-06-saturday-push-day-resumes","2024-04-06","Saturday Push Day Resumes","391","Once a week I aim to push my heart through some form of exercise that gets my heart rate into the 95% of max. It’s strength training for my heart. The last few weeks I was in recovery...","capability-recovery; exercise; health-identity; mindset; reversing-type-2-diabetes-journey","dumbbells; exercise; fitness; health; mindset; strength training; Supernatural","true","https://lessoflee.wordpress.com/2024/04/06/saturday-push-day-resumes-2/","../src/content/blog/2024-04-06-saturday-push-day-resumes.md"
"2024-04-08-eating-and-consequences","2024-04-08","Eating and Consequences","518","Everybody, diabetic or not, can eat whatever they want, whenever they want, and however much they want. So why all this talk of diets, good foods, bad foods, entire bad categories of foods? Why not just eat what...","a1c-labs; failure-restart; feasting; reversing-type-2-diabetes-journey; type-2-diabetes","diet; fitness; food; health; nutrition; Type 2 Diabetes","true","https://lessoflee.wordpress.com/2024/04/08/eating-and-consequences/","../src/content/blog/2024-04-08-eating-and-consequences.md"
"2024-04-11-in-praise-of-yoyo-dieting","2024-04-11","In Praise of Yoyo Dieting","1020","That’s right, I’m going to make the case for yoyo dieting. Bear with me, I haven’t lost my mind.","a1c-labs; capability-recovery; exercise; failure-restart; family-responsibility; fasting; feasting; food-addiction; mindset; reversing-type-2-diabetes-journey; type-2-diabetes","Diabetes; diet; exercise; health; mindset; weight-loss","true","https://lessoflee.wordpress.com/2024/04/11/in-praise-of-yoyo-dieting/","../src/content/blog/2024-04-11-in-praise-of-yoyo-dieting.md"
"2024-04-13-saturday-push-day-8211-health-takes-time","2024-04-13","Saturday Push Day – Health Takes Time","407","I’m out running and getting my heart rate up close to 95%. It’s my weekly push day. Finding ways to push that bit harder and go that small amount further.","a1c-labs; capability-recovery; exercise; fasting; food-addiction; mindset; reversing-type-2-diabetes-journey; type-2-diabetes","Diabetes; exercise; fitness; health; mindset","true","https://lessoflee.wordpress.com/2024/04/13/saturday-push-day-health-takes-time/","../src/content/blog/2024-04-13-saturday-push-day-8211-health-takes-time.md"
"2024-04-21-saturday-push-day-8211-no-can-be-habit-forming","2024-04-21","Saturday Push Day – “No” can be habit forming","246","Busy morning and frustrating afternoon and I didn’t want to do my Push Day. Yet I’d already said no to my lifting on Wednesday and Friday. I could feel the habit of saying no to my lifting starting...","capability-recovery; exercise; failure-restart; family-responsibility; mindset; reversing-type-2-diabetes-journey","exercise; fitness; health; mindset","true","https://lessoflee.wordpress.com/2024/04/21/saturday-push-day-no-can-be-habit-forming/","../src/content/blog/2024-04-21-saturday-push-day-8211-no-can-be-habit-forming.md"
"2024-04-22-three-years-into-winning-type-2-diabetes-from-high","2024-04-23","Three Years into Winning Type 2 Diabetes from Highly Diabetic to Normal and Drug Free","714","Three years ago today I met with my diabetes specialist for the first time. I had been officially diabetic for a couple years but never took it seriously. Only pricked my finger about a month before quitting. Just...","a1c-labs; capability-recovery; exercise; fasting; mindset; reversing-type-2-diabetes-journey; type-2-diabetes","Diabetes; exercise; Fasting; health; insulin; Intermittent Fasting; Jason Fung; mindset; nutrition; Type 2 Diabetes; type-1-diabetes","true","https://lessoflee.wordpress.com/2024/04/22/three-years-into-winning-type-2-diabetes-from-highly-diabetic-to-normal-and-drug-free/","../src/content/blog/2024-04-22-three-years-into-winning-type-2-diabetes-from-high.md"
"2024-04-24-power-in-the-maximum-effort","2024-04-25","Power in the Maximum Effort","324","I added extensions to my PowerBlock dumbbells. They now go to 70lbs each instead of just 50. So I dropped back to 5 sets of 5 with 110lbs for my squats. Progressive overload can be achieved by adding...","capability-recovery; exercise; failure-restart; mindset; reversing-type-2-diabetes-journey","exercise; fitness; health; mindset; strength training","true","https://lessoflee.wordpress.com/2024/04/24/power-in-the-maximum-effort/","../src/content/blog/2024-04-24-power-in-the-maximum-effort.md"
"2024-04-27-saturday-push-day-8211-1st-birthday","2024-04-28","Saturday Push Day – 1st Birthday","264","It was my grandson's 1st birthday today. More than a few things were eaten “Off plan”. It was a fun and exhausting day hosting family and friends.","capability-recovery; exercise; family-responsibility; mindset; reversing-type-2-diabetes-journey","exercise; fitness; health; mindset","true","https://lessoflee.wordpress.com/2024/04/27/saturday-push-day-1st-birthday/","../src/content/blog/2024-04-27-saturday-push-day-8211-1st-birthday.md"
"2024-05-01-bet-on-yourself","2024-05-01","Bet On Yourself","620","So much of the standard care for treating diabetes is rooted in this – patients will not change, will not take care of themselves. In fact, much of how we treat Type 2 Diabetes has at its core...","a1c-labs; exercise; fasting; feasting; mindset; reversing-type-2-diabetes-journey; type-2-diabetes","Diabetes; health; insulin; mindset; Type 2 Diabetes; type-1-diabetes","true","https://lessoflee.wordpress.com/2024/05/01/bet-on-yourself/","../src/content/blog/2024-05-01-bet-on-yourself.md"
"2024-05-02-standing-up-to-arthritis","2024-05-02","Standing Up To Arthritis","498","In my health recovery journey, now in its third year, I have a couple blockbuster accomplishments. Getting off all diabetes meds and putting my Type 2 into remission, and going from walking with a cane, struggling with stairs...","capability-recovery; mindset; reversing-type-2-diabetes-journey; type-2-diabetes","arthritis; blog; chronic-pain; fitness; health; mental health; mindset; osteoarthritis","true","https://lessoflee.wordpress.com/2024/05/02/standing-up-to-arthritis/","../src/content/blog/2024-05-02-standing-up-to-arthritis.md"
"2024-05-04-saturday-push-day-8211-4-tons-for-walking","2024-05-04","Saturday Push Day – 4 Tons for Walking","516","Went to walk my dog as I do every morning. I stumbled – but I did not fall. 3 years ago I very likely would have fallen as I couldn’t walk safely across my grass lawn without my...","a1c-labs; capability-recovery; exercise; failure-restart; family-responsibility; mindset; reversing-type-2-diabetes-journey","exercise; fitness; health; mindset; strength training; weight lifting","true","https://lessoflee.wordpress.com/2024/05/04/saturday-push-day-4-tons-for-walking/","../src/content/blog/2024-05-04-saturday-push-day-8211-4-tons-for-walking.md"
"2024-05-14-saturday-push-day-8211-old-lee-week","2024-05-14","Saturday Push Day – Old Lee Week","331","I had an “old Lee” week. Didn’t do my strength training. Made it a measly 6 minutes running, walked the rest for “push day”. Ate terribly for the three day holiday weekend with a birthday party and Mother's...","capability-recovery; exercise; food-addiction; health-identity; mindset; reversing-type-2-diabetes-journey","exercise; fitness; health; mindset; weight-loss","true","https://lessoflee.wordpress.com/2024/05/14/saturday-push-day-old-lee-week/","../src/content/blog/2024-05-14-saturday-push-day-8211-old-lee-week.md"
"2024-05-18-saturday-push-day-8211-victimized-by-fitness","2024-05-18","Saturday Push Day – Victimized by Fitness","237","On Saturday’s I aim to push my heart rate into the 95% of max to kick off adaptations that make my heart stronger and hopefully put off the impending heart attack.","capability-recovery; exercise; mindset; reversing-type-2-diabetes-journey","arthritis; exercise; fitness; health; mindset; strength training","true","https://lessoflee.wordpress.com/2024/05/18/saturday-push-day-victimized-by-fitness/","../src/content/blog/2024-05-18-saturday-push-day-8211-victimized-by-fitness.md"
"2024-05-23-the-illusion-of-permanent-health","2024-05-23","The Illusion of Permanent Health","426","I’m heading into the city for a work conference. Lots of walking on uneven concrete, standing and stairs. I’ve lived in this city, worked in this city, or commuted to this city for decades. I work from home...","capability-recovery; exercise; health-identity; mindset; reversing-type-2-diabetes-journey; type-2-diabetes","Diabetes; exercise; fitness; health; mindset","true","https://lessoflee.wordpress.com/2024/05/23/the-illusion-of-permanent-health/","../src/content/blog/2024-05-23-the-illusion-of-permanent-health.md"
"2024-05-25-ordering-my-body-to-build-muscle","2024-05-26","Ordering My Body To Build Muscle","579","It’s Saturday Push Day and my body and I had a little chat. I demanded my body to build muscle and grow stronger. My body asked “how badly do you want those muscles”? I said – 6 tons...","capability-recovery; exercise; family-responsibility; feasting; mindset; reversing-type-2-diabetes-journey; type-2-diabetes","arthritis; exercise; fitness; health; mindset; osteoarthritis; strength training","true","https://lessoflee.wordpress.com/2024/05/25/ordering-my-body-to-build-muscle/","../src/content/blog/2024-05-25-ordering-my-body-to-build-muscle.md"
"2024-05-28-10k-steps-is-not-enough-8211-and-its-too-much","2024-05-28","10k Steps Is Not Enough – And It’s Too Much!","719","I have no performance goals when it comes to exercise. I have no idea what my max bench press is. Pretty sure it’s “not that much”. How many steps do I take? I pay attention, but there is...","capability-recovery; exercise; mindset; nsv; reversing-type-2-diabetes-journey","10k; arthritis; exercise; fitness; health; mindset; osteoarthritis; run; running","true","https://lessoflee.wordpress.com/2024/05/28/10k-steps-is-not-enough-and-its-too-much/","../src/content/blog/2024-05-28-10k-steps-is-not-enough-8211-and-its-too-much.md"
"2024-06-01-i-worked-hard-to-get-to-this-weak-and-slow","2024-06-01","I Worked Hard to Get to This Weak and Slow","353","One of my mantras is “Start where you are. Make progress”. It’s about not looking at others and judging yourself. I have been lifting weights. Am I strong? No, I’m weak. I ran a 6k race in Chicago...","capability-recovery; exercise; mindset; reversing-type-2-diabetes-journey; type-2-diabetes","Diabetes; exercise; fitness; health; mindset; weight-loss","true","https://lessoflee.wordpress.com/2024/06/01/i-worked-hard-to-get-to-this-weak-and-slow/","../src/content/blog/2024-06-01-i-worked-hard-to-get-to-this-weak-and-slow.md"
"2024-06-22-fail-and-fail-again","2024-06-22","Fail and Fail Again","412","Saturday Push Day and I failed to make any of my goals today. Didn’t run a mile before walking, didn’t sprint, didn’t make it up the hill without stopping.","capability-recovery; exercise; failure-restart; fasting; mindset; nsv; reversing-type-2-diabetes-journey; type-2-diabetes","Diabetes; exercise; Fasting; fitness; health; mindset; weight-loss","true","https://lessoflee.wordpress.com/2024/06/22/fail-and-fail-again/","../src/content/blog/2024-06-22-fail-and-fail-again.md"
"2024-07-04-three-years-diabetes-free","2024-07-04","Three Years Diabetes Free","855","It was three years ago in April that my doctor said “Diabetes isn’t your fault, it’s genetic. We are adding the $1000 per month Trulicity to the Metformin and Glipizide you are already taking. Come July, we will...","a1c-labs; capability-recovery; exercise; fasting; food-addiction; health-identity; mindset; reversing-type-2-diabetes-journey; type-2-diabetes","Diabetes; diet; exercise; Fasting; health; Intermittent Fasting; Jason Fung; mindset; NSNG; The Diabetes Code; weight-loss","true","https://lessoflee.wordpress.com/2024/07/04/three-years-diabetes-free/","../src/content/blog/2024-07-04-three-years-diabetes-free.md"
"2024-07-06-pawpaw-proof","2024-07-06","Pawpaw Proof","299","The gate is meant to baby proof the house. And it does. My high energy toddling grandson is thwarted by the gate. You know who else is?","capability-recovery; exercise; failure-restart; family-responsibility; health-identity; mindset; nsv; reversing-type-2-diabetes-journey; type-2-diabetes","Diabetes; fitness; health; healthy-living; mindset; osteoarthritis; strength training","true","https://lessoflee.wordpress.com/2024/07/06/pawpaw-proof/","../src/content/blog/2024-07-06-pawpaw-proof.md"
"2024-07-09-simple-summer-meals","2024-07-10","Simple Summer Meals","369","These days, when I’m eating on plan, I’m Carnivore-ish, or Ketovore. The largest part are animal based foods with spices and, if I feel like it, some veggies. I’ve gone strict carnivore for a month with good results....","family-responsibility; feasting; reversing-type-2-diabetes-journey; type-2-diabetes","carnivore; Diabetes; diet; healthy-living; Keto; low-carb; recipe; weight-loss","true","https://lessoflee.wordpress.com/2024/07/09/simple-summer-meals/","../src/content/blog/2024-07-09-simple-summer-meals.md"
"2024-07-26-the-winning-season","2024-07-26","The Winning Season","516","I’ve been actively working on restoring my health and abilities for over 3 years and have claimed some significant wins.","capability-recovery; exercise; fasting; mindset; reversing-type-2-diabetes-journey; type-2-diabetes","Diabetes; diet; exercise; Fasting; fitness; health; mindset; weight-loss","true","https://lessoflee.wordpress.com/2024/07/26/the-winning-season/","../src/content/blog/2024-07-26-the-winning-season.md"
"2024-07-31-back-with-a-bang","2024-07-31","Back with a Bang!","394","It’s been about six weeks since I’ve done more than walk. At first I was dealing with a bursitis flare up in a shoulder. That took about four days. Then a new job which is intense (in a...","exercise; mindset; reversing-type-2-diabetes-journey","exercise; fitness; health; mindset","true","https://lessoflee.wordpress.com/2024/07/31/back-with-a-bang/","../src/content/blog/2024-07-31-back-with-a-bang.md"
"2024-08-08-winter-is-coming-8211-three-year-supernatural-surp","2024-08-08","Winter is Coming – Three Year Supernatural Surprise","763","The weather is already cooling in Chicago, Winter is Coming! This was my thought three years ago when I was a mere few months into my health reclamation journey. I had already, astoundingly, put Type 2 Diabetes into...","a1c-labs; capability-recovery; exercise; mindset; reversing-type-2-diabetes-journey; type-2-diabetes","Diabetes; exercise; fitness; health; mindset; Supernatural","true","https://lessoflee.wordpress.com/2024/08/08/winter-is-coming-three-year-supernatural-surprise/","../src/content/blog/2024-08-08-winter-is-coming-8211-three-year-supernatural-surp.md"
"2024-08-17-diabetes-and-the-myth-of-drinking-water","2024-08-17","Diabetes and the Myth of Drinking Water","536","I know I’m going to be stepping on toes with this one – but at least try to hear me out. Drinking water is healthy for all the reasons ANY body should drink water and certainly to keep...","a1c-labs; exercise; mindset; reversing-type-2-diabetes-journey; type-2-diabetes","Diabetes; health","true","https://lessoflee.wordpress.com/2024/08/17/diabetes-and-the-myth-of-drinking-water/","../src/content/blog/2024-08-17-diabetes-and-the-myth-of-drinking-water.md"
"2024-08-23-being-med-dependent-is-terrifying","2024-08-23","Being Med Dependent Is Terrifying","660","I have glaucoma and it’s progressively destroying my eye sight. In the last year I have gone from one med to two. After a few months of taking two meds my eyes became bloodshot and itchy. I thought...","a1c-labs; exercise; failure-restart; fasting; feasting; reversing-type-2-diabetes-journey; type-2-diabetes","Diabetes; diet; health; Intermittent Fasting; Keto; NSNG; The Diabetes Code","true","https://lessoflee.wordpress.com/2024/08/23/being-med-dependent-is-terrifying/","../src/content/blog/2024-08-23-being-med-dependent-is-terrifying.md"
"2024-09-12-you-are-worth-every-hard-step","2024-09-12","You Are Worth Every Hard Step","754","I started writing solely for my own journey. My first post was just after my A1C hit 11.2, the $1000/mo Trulicity was added to the Metformin and Glipizide I’d been taking for years. At my next appointment, they...","a1c-labs; capability-recovery; exercise; food-addiction; mindset; reversing-type-2-diabetes-journey; type-2-diabetes","Diabetes; exercise; fitness; health; mindset","true","https://lessoflee.wordpress.com/2024/09/12/you-are-worth-every-hard-step/","../src/content/blog/2024-09-12-you-are-worth-every-hard-step.md"
"2024-09-15-the-ick-must-flow","2024-09-16","The Ick Must Flow","348","This is an update about my abscess. Feel free to skip it – as it’s definitely icky.","exercise; reversing-type-2-diabetes-journey","fitness; health","true","https://lessoflee.wordpress.com/2024/09/15/the-ick-must-flow/","../src/content/blog/2024-09-15-the-ick-must-flow.md"
"2024-09-19-shes-back-for-my-back","2024-09-19","She’s Back for My Back","216","""Two people are better than one, because they can reap more benefit from their labor. For if one has a cyst drained on his back, their companion can help change the bandage. But pity the person who falls...","family-responsibility; nsv; reversing-type-2-diabetes-journey","","true","https://lessoflee.wordpress.com/2024/09/19/shes-back-for-my-back/","../src/content/blog/2024-09-19-shes-back-for-my-back.md"
"2024-09-21-good-eye-news","2024-09-21","Good Eye News","517","Today my eyes passed with flying colors. Last fall I had a “micro stroke” in my left eye. A small blood vessel burst and fluid filled my eye obscuring my vision. I couldn’t read from that eye. The...","exercise; reversing-type-2-diabetes-journey","diet; exercise; health","false","https://lessoflee.wordpress.com/2024/09/21/good-eye-news/","../src/content/blog/2024-09-21-good-eye-news.md"
"2024-09-23-fail-your-way-to-health","2024-09-24","Fail Your Way To Health","165","I woke up Sunday with the urge to go for a run. Perhaps I’ll go for a mile without stopping.","capability-recovery; exercise; failure-restart; reversing-type-2-diabetes-journey","exercise; fitness; health","false","https://lessoflee.wordpress.com/2024/09/23/fail-your-way-to-health/","../src/content/blog/2024-09-23-fail-your-way-to-health.md"
"2024-10-19-34-years-continues-in-sickness-and-health","2024-10-20","34 Years Continues In Sickness and Health","371","It’s Saturday Push Day – 34th Anniversary Edition","capability-recovery; exercise; family-responsibility; mindset; nsv; reversing-type-2-diabetes-journey; type-2-diabetes","Diabetes; diet; fitness; health; mindset; weight-loss","false","https://lessoflee.wordpress.com/2024/10/19/34-years-continues-in-sickness-and-health/","../src/content/blog/2024-10-19-34-years-continues-in-sickness-and-health.md"
"2024-11-23-your-body-doesnt-care-about-you","2024-11-23","Your Body Doesn’t Care About You","506","I’m clearly in a down cycle as far as my health journey is concerned. No doubt about it, I am officially recognizing that I have fallen off the wagon. My mind, however, still works exceptionally well. I am...","capability-recovery; exercise; family-responsibility; feasting; food-addiction; mindset; nsv; reversing-type-2-diabetes-journey; type-2-diabetes","exercise; fitness; health; mindset; weight-loss","false","https://lessoflee.wordpress.com/2024/11/23/your-body-doesnt-care-about-you/","../src/content/blog/2024-11-23-your-body-doesnt-care-about-you.md"
"2024-11-30-guaranteed-to-never-fail","2024-12-01","Guaranteed to Never Fail","828","I have been working on my health for far longer than these last three years. Real hard work. Educating myself, learning to cook, learning to shop, learning to run, learning to lift. I have lost 30+ many times....","failure-restart; fasting; feasting; food-addiction; humor-voice; mindset; reversing-type-2-diabetes-journey; type-2-diabetes","Diabetes; health; mindset; weight-loss","false","https://lessoflee.wordpress.com/2024/11/30/guaranteed-to-never-fail/","../src/content/blog/2024-11-30-guaranteed-to-never-fail.md"
"2024-11-30-spd-one-good-choice","2024-12-01","SPD: One Good Choice","366","It’s Saturday – and Saturdays are for pushing my limits as part of my Saturday Push Days. But what about all the days I missed? What about the weights I haven’t lifted in months? What about the weight...","exercise; mindset; reversing-type-2-diabetes-journey","exercise; fitness; health; mindset","false","https://lessoflee.wordpress.com/2024/11/30/spd-one-good-choice/","../src/content/blog/2024-11-30-spd-one-good-choice.md"
"2025-01-04-new-years-systems-not-resolutions","2025-01-05","New Years Systems, not Resolutions","583","New Year’s Resolutions are like gym memberships — they sound great in January, but most people have abandoned them by March. I’m taking a different approach this year: no resolutions, just systems/habits.","a1c-labs; capability-recovery; exercise; failure-restart; fasting; feasting; health-identity; mindset; reversing-type-2-diabetes-journey; type-2-diabetes","","false","https://lessoflee.wordpress.com/2025/01/04/new-years-systems-not-resolutions/","../src/content/blog/2025-01-04-new-years-systems-not-resolutions.md"
"2025-01-11-snow-shoveling-win","2025-01-11","Snow Shoveling Win","407","I intended to lift today, but Mother Nature had other plans for me.","capability-recovery; exercise; mindset; reversing-type-2-diabetes-journey","exercise; fitness; health; mindset","false","https://lessoflee.wordpress.com/2025/01/11/snow-shoveling-win/","../src/content/blog/2025-01-11-snow-shoveling-win.md"
"2025-01-14-lees-lazy-eggs","2025-01-15","Lee’s Lazy Eggs","93","I meal-prepped some hard-boiled eggs — great for a quick snack or a fast egg salad. But what if I wanted warm eggs? That’s where this experiment comes in.","feasting; reversing-type-2-diabetes-journey","Keto; NSNG; recipe","true","https://lessoflee.wordpress.com/2025/01/14/lees-lazy-eggs/","../src/content/blog/2025-01-14-lees-lazy-eggs.md"
"2025-01-18-pushing-is-mental","2025-01-18","Pushing Is Mental","524","It’s Saturday Push Day and I once again restart my weight lifting. Didn’t I restart two weeks ago? Yes, and I may have to restart again two weeks from now. I don’t like lifting weights but I do...","capability-recovery; exercise; failure-restart; mindset; reversing-type-2-diabetes-journey","exercise; fitness; health; mindset","false","https://lessoflee.wordpress.com/2025/01/18/pushing-is-mental/","../src/content/blog/2025-01-18-pushing-is-mental.md"
"2025-01-19-my-medication-philosophy-8211-magical-medical-cand","2025-01-19","My Medication Philosophy – Magical Medical Candy","506","Healthy living first and when meds are needed, the least effective amount for the shortest needed time – is now my guiding philosophy. This is far different from “doctor, I’m dealing with xyz, what medication do I need...","a1c-labs; capability-recovery; exercise; failure-restart; mindset; reversing-type-2-diabetes-journey; type-2-diabetes","health; mindset","true","https://lessoflee.wordpress.com/2025/01/19/my-medication-philosophy-magical-medical-candy/","../src/content/blog/2025-01-19-my-medication-philosophy-8211-magical-medical-cand.md"
"2025-02-02-60-trips-around-the-sun-i-have-a-request","2025-02-03","60 Trips Around the Sun – I Have a Request","224","It snuck up on me. I went to sleep last night as a high school graduate with a bright future ahead. I woke up this morning—aged 60! It’s been a wild ride, and it has gone by fast.","family-responsibility; mindset; reversing-type-2-diabetes-journey","mindset","false","https://lessoflee.wordpress.com/2025/02/02/60-trips-around-the-sun-i-have-a-request/","../src/content/blog/2025-02-02-60-trips-around-the-sun-i-have-a-request.md"
"2025-03-13-rebuilding-discipline-8211-starting-again","2025-03-13","Rebuilding Discipline – Starting Again","409","I’ll start and restart as many times as it takes. Where did all my discipline go? Discipline isn’t something you are born with, it’s something you build. And discipline isn’t permanent – (sigh). How and why?","capability-recovery; exercise; failure-restart; fasting; mindset; reversing-type-2-diabetes-journey","","false","https://lessoflee.wordpress.com/2025/03/13/rebuilding-discipline-starting-again/","../src/content/blog/2025-03-13-rebuilding-discipline-8211-starting-again.md"
"2025-04-06-built-to-heal-why-type-2-need-not-be-a-life-senten","2025-04-06","Built to Heal: Why Type 2 Need Not Be a Life Sentence”","458","I was donating blood this weekend and the kind lady pricked my finger and it bled. Is it going to bleed forever? No, of course not, it will clot and scab (if it had been more than a...","a1c-labs; food-addiction; mindset; reversing-type-2-diabetes-journey; type-2-diabetes","Diabetes; health; mindset","false","https://lessoflee.wordpress.com/2025/04/06/built-to-heal-why-type-2-need-not-be-a-life-sentence/","../src/content/blog/2025-04-06-built-to-heal-why-type-2-need-not-be-a-life-senten.md"
"2025-05-21-return-of-the-cane","2025-05-21","Return of the Cane","221","Sitting in urgent care awaiting an xray for my foot. Didn’t fall or sprain, just a sharp pain, mid outer foot.","capability-recovery; exercise; fasting; reversing-type-2-diabetes-journey; type-2-diabetes","","false","https://lessoflee.wordpress.com/2025/05/21/return-of-the-cane/","../src/content/blog/2025-05-21-return-of-the-cane.md"
"2025-05-27-start-where-you-are","2025-05-27","Start Where You Are","678","In my journey to regain my health, I’ve developed mantras along the way. One of them is: Start where you are, make improvements. I was following this advice before I ever codified it into a saying. I improved...","a1c-labs; capability-recovery; exercise; failure-restart; fasting; mindset; nsv; reversing-type-2-diabetes-journey; type-2-diabetes","","false","https://lessoflee.wordpress.com/2025/05/27/start-where-you-are/","../src/content/blog/2025-05-27-start-where-you-are.md"
"2025-05-28-eating-constantly","2025-05-28","Eating Constantly","281","It seems like forever ago I had become a fasting athlete. For more than a year, at my doctor’s encouragement, I fasted with only water for 5 days each month. It was just a year and a half...","a1c-labs; exercise; fasting; health-identity; mindset; reversing-type-2-diabetes-journey","","false","https://lessoflee.wordpress.com/2025/05/28/eating-constantly/","../src/content/blog/2025-05-28-eating-constantly.md"
"2025-05-30-eight-pm-8211-i-fight-myself","2025-05-30","Eight PM – I Fight Myself","443","It’s 8pm and I’ve been hearing the “let’s eats” for about an hour. Only a small part of it is hunger as I finish the first 24 hours of the fast. This is the work of fasting, the...","a1c-labs; capability-recovery; failure-restart; fasting; health-identity; mindset; nsv; reversing-type-2-diabetes-journey; type-2-diabetes","","false","https://lessoflee.wordpress.com/2025/05/30/eight-pm-i-fight-myself/","../src/content/blog/2025-05-30-eight-pm-8211-i-fight-myself.md"
"2025-05-30-fasting-to-reduce-inflammation-8211-fix-my-foot","2025-05-30","Fasting to Reduce Inflammation – Fix My Foot","501","I saw the podiatrist about my foot pain – a flare up so bad I had trouble walking. X-Ray ruled out fracture of the bone and gout. So the suspects are bursitis or plantar fasciitis. I was given...","a1c-labs; capability-recovery; fasting; health-identity; mindset; reversing-type-2-diabetes-journey; type-2-diabetes","","false","https://lessoflee.wordpress.com/2025/05/30/fasting-to-reduce-inflammation-fix-my-foot/","../src/content/blog/2025-05-30-fasting-to-reduce-inflammation-8211-fix-my-foot.md"
"2025-05-31-i-rise-again-again","2025-05-31","I Rise Again, Again","324","My fast lasted 42 hours. I had intended to go 5 days. I’ve always said you can’t fail a fast, you merely ended sooner than planned. Given my struggles regaining the discipline of fasting, I chalk this up...","failure-restart; fasting; mindset; reversing-type-2-diabetes-journey","","true","https://lessoflee.wordpress.com/2025/05/31/i-rise-again-again/","../src/content/blog/2025-05-31-i-rise-again-again.md"
"2025-06-01-type-2-diabetes-is-not-a-disease","2025-06-01","Type 2 Diabetes is not a Disease","808","I have good news. Type 2 Diabetes is not a disease!","a1c-labs; capability-recovery; exercise; failure-restart; mindset; reversing-type-2-diabetes-journey; type-2-diabetes","Diabetes; health; Jason Fung; The Diabetes Code; Type 2 Diabetes","false","https://lessoflee.wordpress.com/2025/06/01/type-2-diabetes-is-not-a-disease/","../src/content/blog/2025-06-01-type-2-diabetes-is-not-a-disease.md"
"2025-06-07-the-downside-of-healing","2025-06-07","The Downside of Healing","671","Here I am, resident Hope Dealer of Healing, about to confess the downside of healing. Well, actual healing has no downside, obviously. I’m speaking of the audacity of saying the truth: Type 2 Diabetes can be healed for...","a1c-labs; capability-recovery; family-responsibility; food-addiction; reversing-type-2-diabetes-journey; type-2-diabetes","Diabetes; healing; health; Type 2 Diabetes","false","https://lessoflee.wordpress.com/2025/06/07/the-downside-of-healing/","../src/content/blog/2025-06-07-the-downside-of-healing.md"
"2025-06-11-little-steps-to-change-mindset","2025-06-12","Little Steps to Change Mindset","465","Supernatural is my favorite way to exercise. It’s an aerobic workout set to great music in a virtual reality setting. I hadn’t worked out in awhile, so I choose a medium level for 25 minutes. It was a...","capability-recovery; exercise; mindset; reversing-type-2-diabetes-journey","","false","https://lessoflee.wordpress.com/2025/06/11/little-steps-to-change-mindset/","../src/content/blog/2025-06-11-little-steps-to-change-mindset.md"
"2025-06-13-sustainable-eating-8211-like-your-grandparents-not","2025-06-13","Sustainable Eating – Like your grandparents, not cavemen","439","Modern diseases are not caused by ancient foods.","fasting; feasting; food-addiction; reversing-type-2-diabetes-journey; type-2-diabetes","Diabetes; diet; health; healthy-living; low-carb","false","https://lessoflee.wordpress.com/2025/06/13/sustainable-eating-like-your-grandparents-not-cavemen/","../src/content/blog/2025-06-13-sustainable-eating-8211-like-your-grandparents-not.md"
"2025-06-14-type-2-diabetes-progression-8211-a-primer","2025-06-15","Type 2 Diabetes Progression – A Primer","454","The beginning of diabetes is insulin resistance in your fat cells and/or liver. This causes your body to increase production of insulin. For awhile the more insulin does the job.","a1c-labs; exercise; fasting; feasting; reversing-type-2-diabetes-journey; type-2-diabetes","Diabetes; health; Type 2 Diabetes","false","https://lessoflee.wordpress.com/2025/06/14/type-2-diabetes-progression-a-primer/","../src/content/blog/2025-06-14-type-2-diabetes-progression-8211-a-primer.md"
"2025-06-16-i-cant-until-i-can-8211-shine-bright-like-a-diamon","2025-06-17","I Can’t, Until I Can – Shine Bright like a Diamond","292","I haven’t posted a new ability in a LONG time. There used to be fairly regular wins as I regained abilities, like walking without a cane. Over the past year I’ve been regressing, not making progress.","capability-recovery; exercise; failure-restart; reversing-type-2-diabetes-journey","exercise; fitness; health; Supernatural","false","https://lessoflee.wordpress.com/2025/06/16/i-cant-until-i-can-shine-bright-like-a-diamond/","../src/content/blog/2025-06-16-i-cant-until-i-can-8211-shine-bright-like-a-diamon.md"
"2025-10-08-how-many-times-fall-down-7-get-up-8","2025-10-09","How Many Times?  Fall Down 7, Get Up 8","275","Man it’s been tough getting back on track. Starting again again.","a1c-labs; failure-restart; fasting; nsv; reversing-type-2-diabetes-journey; type-2-diabetes","","false","https://lessoflee.wordpress.com/2025/10/08/how-many-times-fall-down-7-get-up-8/","../src/content/blog/2025-10-08-how-many-times-fall-down-7-get-up-8.md"
"2025-10-14-the-fasting-marathon","2025-10-14","The Fasting Marathon","954","I have embarked on a 21 day water only fast. I’m comparing it to a marathon because people cheer folks on who embark on the much more difficult and much more health challenging task of running a marathon....","a1c-labs; capability-recovery; failure-restart; fasting; food-addiction; reversing-type-2-diabetes-journey; type-2-diabetes","Diabetes; Fasting; health; weight-loss","false","https://lessoflee.wordpress.com/2025/10/14/the-fasting-marathon/","../src/content/blog/2025-10-14-the-fasting-marathon.md"
"2025-10-17-week-1-fasting-update-8211-doctor-and-labs","2025-10-17","Week 1 Fasting Update – Doctor and Labs","755","I’ve embarked on a 21 day water only fast. I have completed day 8 and met with my doctor today. All is well.","a1c-labs; capability-recovery; failure-restart; fasting; health-identity; mindset; reversing-type-2-diabetes-journey; type-2-diabetes","Diabetes; Fasting; health; mindset","false","https://lessoflee.wordpress.com/2025/10/17/week-1-fasting-update-doctor-and-labs/","../src/content/blog/2025-10-17-week-1-fasting-update-8211-doctor-and-labs.md"
"2025-10-22-21-day-fast-ends-day-9","2025-10-22","21 Day Fast Ends Day 9","604","My grand plans for a 21 day fast ended on day 9. I had a queasy stomach for a couple days. Bone broth, green tea and Tums all helped temporarily. I had a slight tiredness in the back...","a1c-labs; failure-restart; fasting; feasting; mindset; reversing-type-2-diabetes-journey; type-2-diabetes","Diabetes; Fasting; health; mindset","false","https://lessoflee.wordpress.com/2025/10/22/21-day-fast-ends-day-9/","../src/content/blog/2025-10-22-21-day-fast-ends-day-9.md"
"2025-10-22-fasting-conclusion-8211-discipline-restored","2025-10-22","Fasting Conclusion – Discipline Restored!","748","I’ve never failed so well before. I embarked on a 21 day fast that I ended after 9 days. Had I succeeded I would have extended my longest fast from 14 days to 21. My number one goal...","a1c-labs; exercise; failure-restart; fasting; feasting; food-addiction; mindset; nsv; reversing-type-2-diabetes-journey; type-2-diabetes","carnivore; Diabetes; diet; Fasting; health; mindset","false","https://lessoflee.wordpress.com/2025/10/22/fasting-conclusion-discipline-restored/","../src/content/blog/2025-10-22-fasting-conclusion-8211-discipline-restored.md"
"2025-10-27-on-the-road-to-cease-being-diabetic-8211-again","2025-10-28","On the Road to Cease Being Diabetic – Again","807","Yes, I said it. I’m on the road to cease being diabetic – for the second time. The fact that it’s the second time should put a pause for those experiencing clinically violent knee-jerkism over the concept of...","a1c-labs; failure-restart; fasting; feasting; health-identity; reversing-type-2-diabetes-journey; type-2-diabetes","carnivore; Diabetes; extended fasting; Fasting; health; low-carb","false","https://lessoflee.wordpress.com/2025/10/27/on-the-road-to-cease-being-diabetic-again/","../src/content/blog/2025-10-27-on-the-road-to-cease-being-diabetic-8211-again.md"
"2025-10-31-hunger-on-carnivore","2025-10-31","Hunger on Carnivore","489","There are plenty of folks who make it seem like eating meat means one is never hungry. Maybe that’s true for some, but if there exists a person who can overeat meat, eggs and bacon, I’m that person.","a1c-labs; fasting; feasting; mindset; reversing-type-2-diabetes-journey; type-2-diabetes","carnivore; health; mindset; weight-loss","false","https://lessoflee.wordpress.com/2025/10/31/hunger-on-carnivore/","../src/content/blog/2025-10-31-hunger-on-carnivore.md"
"2025-11-02-speaking-my-bodys-love-language-8211-more","2025-11-02","Speaking My Body’s Love Language – More!","470","My mindset is back, my fasting and eating are back on track. Time to get back to strength training. You can entice your body to make itself stronger just by sweet talking to it. Seriously, it works. Just...","a1c-labs; exercise; failure-restart; fasting; mindset; reversing-type-2-diabetes-journey","exercise; fitness; health; mindset; strength training","false","https://lessoflee.wordpress.com/2025/11/02/speaking-my-bodys-love-language-more/","../src/content/blog/2025-11-02-speaking-my-bodys-love-language-8211-more.md"
"2025-11-11-that-whoosh-it8217s-more-than-just-water","2025-11-11","That Whoosh: It’s More Than Just Water","476","You’ve probably heard the obligatory disclaimer whenever you celebrate rapid early weight loss on a fast or a low-carb diet: ""Don't get too excited—that's just water.""","a1c-labs; fasting; feasting; reversing-type-2-diabetes-journey; type-2-diabetes","Diabetes; diet; extended fasting; health; Intermittent Fasting; Keto; low-carb; weight-loss","false","https://lessoflee.wordpress.com/2025/11/11/that-whoosh-its-more-than-just-water/","../src/content/blog/2025-11-11-that-whoosh-it8217s-more-than-just-water.md"
"2025-11-13-the-do-nothing-diet","2025-11-13","The Do Nothing Diet","256","I am burning the maximum fat possible by this radical technique – doing nothing.","a1c-labs; exercise; family-responsibility; fasting; mindset; reversing-type-2-diabetes-journey; type-2-diabetes","Diabetes; extended fasting; Fasting; health; Intermittent Fasting; mindset; weight-loss","false","https://lessoflee.wordpress.com/2025/11/13/the-do-nothing-diet/","../src/content/blog/2025-11-13-the-do-nothing-diet.md"
"2025-11-15-how-i-overcame-osteoarthritis-8211-fasting-was-a-b","2025-11-15","How I Overcame Osteoarthritis – Fasting was a big tool","1605","I no longer need a cane. I walk an hour or more every day. I can run a 5k (I may need to work back up to this). I don’t take any pain meds, not even natural ones....","a1c-labs; capability-recovery; exercise; failure-restart; fasting; feasting; health-identity; mindset; reversing-type-2-diabetes-journey; type-2-diabetes","arthritis; Diabetes; exercise; extended fasting; Fasting; health; Intermittent Fasting; osteoarthritis","false","https://lessoflee.wordpress.com/2025/11/15/how-i-overcame-osteoarthritis-fasting-was-a-big-tool/","../src/content/blog/2025-11-15-how-i-overcame-osteoarthritis-8211-fasting-was-a-b.md"
"2025-11-16-7-day-fast-results-and-lessons","2025-11-17","7 Day Fast Results and Lessons","846","I’m currently doing a cycle of 2 weeks of BBBE (Beef, bacon, butter and eggs: a simplified carnivore diet) followed by a week long fast. I’ll write more about that protocol later and why I came up with...","a1c-labs; family-responsibility; fasting; feasting; food-addiction; reversing-type-2-diabetes-journey; type-2-diabetes","carnivore; extended fasting; Fasting; health; Keto; weight-loss","false","https://lessoflee.wordpress.com/2025/11/16/7-day-fast-results-and-lessons/","../src/content/blog/2025-11-16-7-day-fast-results-and-lessons.md"
"2025-11-17-i-decided-to-stop-being-diabetic","2025-11-17","I Decided to Stop Being Diabetic","681","A bold claim that I will proceed to back this claim up. First a little recap of my journey. In 2020 my A1c was 11.2 and I was on Metformin, Glipizide and the $1000/mo Trulicity. I was scheduled...","a1c-labs; exercise; failure-restart; fasting; feasting; health-identity; mindset; reversing-type-2-diabetes-journey; type-2-diabetes","carnivore; Diabetes; extended fasting; Fasting; health; Intermittent Fasting; mindset; The Diabetes Code","false","https://lessoflee.wordpress.com/2025/11/17/i-decided-to-stop-being-diabetic/","../src/content/blog/2025-11-17-i-decided-to-stop-being-diabetic.md"
"2025-11-18-start-where-you-are-make-progress","2025-11-18","Start Where You Are, Make Progress","1332","Those of you following my journey know that I have mantras – this is one of my favorite: Start where you are, make progress. Sometimes we watch others from afar and think “well, they have xyz advantage that...","a1c-labs; capability-recovery; fasting; feasting; health-identity; mindset; reversing-type-2-diabetes-journey; type-2-diabetes","Diabetes; extended fasting; Fasting; health; Intermittent Fasting; Keto; low-carb; weight-loss","false","https://lessoflee.wordpress.com/2025/11/18/start-where-you-are-make-progress/","../src/content/blog/2025-11-18-start-where-you-are-make-progress.md"
"2025-11-18-a-day-eating-modified-bbbe","2025-11-19","A Day Eating Modified BBBE","799","Beef, butter, bacon and eggs. A simplified carnivore diet that is taught and advocated by Dr Ken Berry. It’s great as an elimination diet and for remaining a fat burner (being in ketosis). I’m on my third cycle...","a1c-labs; exercise; fasting; feasting; food-addiction; reversing-type-2-diabetes-journey; type-2-diabetes","Diabetes; diet; health; Keto; low-carb; NSNG; weight-loss","false","https://lessoflee.wordpress.com/2025/11/18/a-day-eating-modified-bbbe/","../src/content/blog/2025-11-18-a-day-eating-modified-bbbe.md"
"2025-11-20-40-days-into-the-year-of-transformation","2025-11-21","40 Days into the Year of Transformation","418","40 days ago I finally said ENOUGH! I’d packed back on the 85lbs I’d lost and redeveloped Type 2 diabetes. My A1c was 7.1 and it was either go back on meds, or make the changes I KNEW...","a1c-labs; exercise; fasting; feasting; health-identity; mindset; reversing-type-2-diabetes-journey; type-2-diabetes","carnivore; Diabetes; extended fasting; Fasting; health; Keto; low-carb; mindset; weight-loss","false","https://lessoflee.wordpress.com/2025/11/20/40-days-into-the-year-of-transformation/","../src/content/blog/2025-11-20-40-days-into-the-year-of-transformation.md"
"2025-11-22-how-to-never-fail-or-backslide-again-8211-guarante","2025-11-22","How to Never Fail or Backslide Again – Guaranteed!","827","Some of you may know who Vinnie Tortorich is, some may not. He’s a trainer to the stars, but not the kind that gets on Tv himself. He’s the guy Hollywood comes to in order to get their...","capability-recovery; exercise; failure-restart; fasting; feasting; mindset; reversing-type-2-diabetes-journey; type-2-diabetes","Diabetes; extended fasting; Fasting; health; mindset; NSNG; weight-loss","false","https://lessoflee.wordpress.com/2025/11/22/how-to-never-fail-or-backslide-again-guaranteed/","../src/content/blog/2025-11-22-how-to-never-fail-or-backslide-again-8211-guarante.md"
"2025-11-24-handling-thanksgiving-feast-8211-harm-reduction","2025-11-24","Handling Thanksgiving Feast – Harm Reduction","766","Thanksgiving is upon us and I am priming myself to enjoy the food and family for the Holiday. Am I going to “keto Thanksgiving”, swap out mashed potatoes for mashed cauliflower…take just a single bite of pie? No....","a1c-labs; family-responsibility; fasting; feasting; food-addiction; humor-voice; mindset; reversing-type-2-diabetes-journey; type-2-diabetes","Diabetes; diet; health; mindset","false","https://lessoflee.wordpress.com/2025/11/24/handling-thanksgiving-feast-harm-reduction/","../src/content/blog/2025-11-24-handling-thanksgiving-feast-8211-harm-reduction.md"
"2025-11-25-rice-and-healing","2025-11-25","Rice and Healing","327","Can we T2D heal? Yes, yes we can. Completely? Does that matter more than this – every step along the healing path is bringing life, vitality and ability. One step at at time, one foot in front of...","a1c-labs; capability-recovery; fasting; feasting; nsv; reversing-type-2-diabetes-journey; type-2-diabetes","Diabetes; diet; Fasting; health","false","https://lessoflee.wordpress.com/2025/11/25/rice-and-healing/","../src/content/blog/2025-11-25-rice-and-healing.md"
"2025-11-25-the-healing-journey-continues-8211-the-ir-mountain","2025-11-26","The Healing Journey Continues – the IR Mountain","750","I’ve got good news and bad news from my labs. Mostly excellent news, which I’ll get to later. First, the bad news — and what’s actually good about the bad news.","a1c-labs; failure-restart; fasting; feasting; food-addiction; mindset; reversing-type-2-diabetes-journey; type-2-diabetes","Diabetes; extended fasting; Fasting; health; Intermittent Fasting; Keto; low-carb; The Diabetes Code; Type 2 Diabetes; weight-loss","false","https://lessoflee.wordpress.com/2025/11/25/the-healing-journey-continues-the-ir-mountain/","../src/content/blog/2025-11-25-the-healing-journey-continues-8211-the-ir-mountain.md"
"2025-11-28-thanksgiving-success-8211-healing-in-action","2025-11-28","Thanksgiving Success – Healing in Action","613","Had a wonderful Thanksgiving with both family and food. There are many ways to handle Thanksgiving as a diabetic or near diabetic – I choose to eat all my favorite foods but I employed a strategy to reduce...","a1c-labs; family-responsibility; fasting; feasting; food-addiction; mindset; reversing-type-2-diabetes-journey; type-2-diabetes","Diabetes; diet; health; healthy-living; mindset","false","https://lessoflee.wordpress.com/2025/11/28/thanksgiving-success-healing-in-action/","../src/content/blog/2025-11-28-thanksgiving-success-8211-healing-in-action.md"
"2025-11-30-fall-2025-health-audit-the-results","2025-11-30","Fall 2025 Health Audit: The Results","804","I had a rough year. I regained 85 pounds after having reversed my diabetes and held a normal A1c for two and a half years. I drifted, restarted badly, stopped, restarted again—it was a mess.","a1c-labs; exercise; failure-restart; fasting; feasting; food-addiction; mindset; reversing-type-2-diabetes-journey; type-2-diabetes","Diabetes; Fasting; health; low-carb; mindset","false","https://lessoflee.wordpress.com/2025/11/30/fall-2025-health-audit-the-results/","../src/content/blog/2025-11-30-fall-2025-health-audit-the-results.md"
"2025-11-30-the-metabolic-civil-war-why-carnivoresketo-and-veg","2025-12-01","The Metabolic Civil War: Why Carnivores/Keto and Vegans Are Both Reversing Diabetes","938","If you spend five minutes on ""Health Twitter,"" you’ll see a war being fought. On one side, you have the Insulin Model heavyweights (Dr. Jason Fung, Dr. Ben Bikman, Dr. Pradip Jamnadas). Their stance: Carbohydrates spike insulin; chronic...","a1c-labs; exercise; fasting; feasting; food-addiction; reversing-type-2-diabetes-journey; type-2-diabetes","carnivore; Diabetes; diet; extended fasting; Fasting; health; healthy-living; Intermittent Fasting; Jason Fung; The Diabetes Code; Type 2 Diabetes","false","https://lessoflee.wordpress.com/2025/11/30/the-metabolic-civil-war-why-carnivores-keto-and-vegans-are-both-reversing-diabetes/","../src/content/blog/2025-11-30-the-metabolic-civil-war-why-carnivoresketo-and-veg.md"
"2025-12-03-hunger-free-8211-protein-forward-carnivore","2025-12-04","Hunger Free – Protein Forward Carnivore","942","I’ve been tweaking the carnivore diet. Next to fasting, carnivore remains the most powerful tool in my toolbox for overcoming Type 2 Diabetes and more. I had intended to kick off a 7 day fast after my 4...","a1c-labs; exercise; fasting; feasting; food-addiction; reversing-type-2-diabetes-journey; type-2-diabetes","carnivore; Diabetes; diet; extended fasting; Fasting; health; low-carb; weight-loss","false","https://lessoflee.wordpress.com/2025/12/03/hunger-free-protein-forward-carnivore/","../src/content/blog/2025-12-03-hunger-free-8211-protein-forward-carnivore.md"
"2025-12-04-surgery-survived-8211-enemy-spotted","2025-12-05","Surgery Survived – Enemy Spotted","199","That I’m writing this is proof that I didn’t die. Ok, apologies for the gallows humor. There was nothing mortal on the line. It did change my fasting schedule – so I’m eating my protein forward version of...","fasting; feasting; mindset; reversing-type-2-diabetes-journey","","false","https://lessoflee.wordpress.com/2025/12/04/surgery-survived-enemy-spotted/","../src/content/blog/2025-12-04-surgery-survived-8211-enemy-spotted.md"
"2025-12-06-lose-fat-keep-muscle","2025-12-06","Lose Fat, Keep Muscle","1009","Can one lose weight without losing muscle and lean tissue? Yes. Most people don’t know that almost every popular way of losing weight — including plain keto and plain carnivore — still costs you muscle . Let me...","a1c-labs; exercise; fasting; feasting; food-addiction; nsv; reversing-type-2-diabetes-journey; type-2-diabetes","carnivore; Diabetes; diet; extended fasting; health; Jason Fung; Keto; Type 2 Diabetes; weight-loss","true","https://lessoflee.wordpress.com/2025/12/06/lose-fat-keep-muscle/","../src/content/blog/2025-12-06-lose-fat-keep-muscle.md"
"2025-12-07-hope-for-diabetics-that-lessens-fear","2025-12-07","Hope For Diabetics That Lessens Fear","834","I've been reading threads lately with new comers who are overwhelmed, scared, and hopeless. My heart goes out to all who are there because I've been there too. Almost all of us who confidently say ""all you need...","a1c-labs; failure-restart; fasting; feasting; mindset; nsv; reversing-type-2-diabetes-journey; type-2-diabetes","Diabetes; health; mindset; Type 2 Diabetes","false","https://lessoflee.wordpress.com/2025/12/07/hope-for-diabetics-that-lessens-fear/","../src/content/blog/2025-12-07-hope-for-diabetics-that-lessens-fear.md"
